order_id,product_category,quantity,supplier_country,customer_country,transport_mode,distance_km,order_days,transport_days,total_delivery_days,transport_cost_usd,storage_cost_usd,delay,delay_days,stockout,season,fill_rate_pct,cost_per_km,delay_probability,inventory_turnover,lead_time_variability
75722,Machinery,509,India,Japan,rail,2662.0,3,45,52,2839.33,14.66,no,0,no,winter,96.7,1.0666153268219383,0.1,4.624001135106277,15.19981997143669
80185,Clothing,280,Japan,India,air,6465.0,2,12,17,37692.03,6.81,no,0,no,winter,95.3,5.830167053364269,0.1,7.633657362189315,8.817670958148845
19865,Machinery,765,Brazil,UK,sea,6326.0,5,60,66,0.0,27.07,no,0,no,summer,91.3,0.0,0.1,7.048845814424104,8.823788990938434
76700,Food,413,China,Japan,sea,13457.0,3,60,65,0.0,19.64,no,0,no,spring,94.9,0.0,0.1,8.917976699904003,8.823788990938434
92992,Food,906,France,UK,sea,9225.0,3,60,65,0.0,16.06,no,0,no,spring,91.1,0.0,0.1,4.081934651441089,8.823788990938434
76435,Machinery,175,Germany,Japan,sea,8586.0,5,60,66,0.0,21.24,no,0,no,summer,90.5,0.0,0.1,10.05337149268896,8.823788990938434
84005,Electronics,812,France,Japan,air,4570.0,5,7,15,26307.01,4.16,no,0,no,summer,90.6,5.7564573304157545,0.1,11.659952630708652,8.817670958148845
80918,Pharma,139,China,China,road,7428.0,5,60,66,8710.61,24.3,no,0,no,autumn,90.3,1.1726723209477652,0.1,9.204690556945835,16.926536614561726
60768,Machinery,660,Germany,UK,road,329.0,2,3,8,319.93,1.43,no,0,no,winter,97.6,0.9724316109422493,0.1,10.853981582302751,16.926536614561726
50075,Clothing,814,Germany,Germany,sea,11491.0,3,60,64,0.0,15.42,no,0,no,winter,90.7,0.0,0.1,5.29794771094095,8.823788990938434
27702,Electronics,789,France,China,sea,2404.0,3,60,65,0.0,26.97,yes,3,no,autumn,93.2,0.0,0.1,6.333485255260764,8.823788990938434
42142,Food,415,Brazil,Japan,air,10576.0,5,22,31,43497.19,6.3,no,0,no,spring,90.7,4.112820537065053,0.1,7.250427741851868,8.817670958148845
45081,Food,616,USA,France,sea,10610.0,3,60,64,0.0,23.45,no,0,no,summer,,0.0,0.1,5.829394907971676,8.823788990938434
16639,Clothing,160,UK,Germany,air,6561.0,3,13,19,,8.89,no,0,yes,summer,86.4,5.777006553878982,0.1,7.630530283245376,8.817670958148845
20425,Pharma,37,UK,France,road,2134.0,6,27,37,2219.43,6.15,no,0,no,winter,95.5,1.040032802249297,0.1,8.493558096141484,16.926536614561726
88703,Pharma,33,India,UK,road,11275.0,2,60,65,10300.93,20.87,no,0,no,autumn,93.1,0.9136079822616409,0.1,4.098951414551961,16.926536614561726
150,Machinery,275,France,Germany,rail,14616.0,2,60,63,11797.65,25.41,no,0,no,summer,,0.807173645320197,0.1,5.220644104325558,15.19981997143669
1762,Electronics,435,Germany,Japan,sea,7091.0,3,60,64,0.0,14.66,no,0,no,autumn,90.2,0.0,0.1,6.83951348133273,8.823788990938434
63121,Electronics,644,UK,India,sea,5610.0,3,60,67,0.0,30.14,no,0,no,summer,100.0,0.0,0.1,6.2967646074787815,8.823788990938434
69162,Pharma,326,USA,Germany,air,8839.0,5,17,24,37898.92,6.71,no,0,no,autumn,91.7,4.287693177961308,0.1,4.3641843261207605,8.817670958148845
64884,Pharma,45,Germany,Brazil,air,814.0,2,1,6,4878.79,2.94,no,0,no,summer,93.0,5.993599508599509,0.1,5.882870257284257,8.817670958148845
2496,Clothing,266,USA,Brazil,sea,1860.0,3,60,67,0.0,31.05,no,0,no,summer,95.8,0.0,0.1,11.999262997577187,8.823788990938434
80297,Electronics,742,China,China,sea,8137.0,1,60,64,0.0,29.51,no,0,no,autumn,90.7,0.0,0.1,11.634026229419707,8.823788990938434
19448,Food,619,India,Japan,sea,4032.0,4,60,67,0.0,24.94,no,0,no,autumn,94.8,0.0,0.1,9.568075725989953,8.823788990938434
41332,Machinery,978,Germany,India,road,14805.0,4,60,68,13646.27,29.87,yes,11,no,spring,98.2,0.9217338736913205,0.1,4.6657592923766575,16.926536614561726
14889,Food,249,India,USA,road,14414.0,2,60,64,15086.91,17.46,no,0,no,autumn,94.7,1.0466844734286112,0.1,11.839762167216666,16.926536614561726
88637,Machinery,505,Germany,France,road,8775.0,2,60,66,8578.84,26.76,no,0,no,winter,92.9,0.9776455840455841,0.1,8.216814156433701,16.926536614561726
94893,Pharma,644,China,Japan,road,2493.0,5,32,41,2180.81,19.07,no,0,no,summer,95.1,0.8747733654231848,0.1,11.540337988193983,16.926536614561726
92732,Electronics,535,France,India,sea,1539.0,4,60,65,0.0,15.3,no,0,no,spring,98.0,0.0,0.1,10.574232646648223,8.823788990938434
29131,Electronics,868,Brazil,Germany,road,5339.0,3,60,67,5794.91,14.43,no,0,no,autumn,97.4,1.0853923955796965,0.1,10.41980168576173,16.926536614561726
79023,Clothing,990,Japan,Germany,sea,11512.0,4,60,67,0.0,7.84,no,0,no,autumn,94.7,0.0,0.1,6.752940532138004,8.823788990938434
84937,Clothing,196,Japan,India,road,1226.0,4,15,20,1249.12,9.07,no,0,no,summer,99.4,1.018858075040783,0.1,7.895274305707349,16.926536614561726
16822,Pharma,491,France,Japan,sea,8238.0,3,60,67,0.0,9.79,no,0,no,winter,91.6,0.0,0.1,10.962992949885548,8.823788990938434
36734,Food,19,UK,Brazil,sea,10538.0,2,60,64,0.0,17.36,yes,3,no,autumn,99.0,0.0,0.1,4.402202583342855,8.823788990938434
15603,Clothing,27,UK,Germany,sea,14476.0,5,60,67,0.0,11.5,yes,1,no,autumn,92.6,0.0,0.1,7.525304268216141,8.823788990938434
28534,Pharma,907,USA,France,air,709.0,5,1,7,3855.46,0.82,yes,4,no,winter,99.7,5.437884344146686,0.1,5.988265239377571,8.817670958148845
69770,Pharma,197,China,China,sea,1489.0,4,60,66,0.0,30.73,no,0,no,autumn,91.5,0.0,0.1,4.693287603560391,8.823788990938434
11406,Pharma,221,UK,USA,air,13852.0,1,26,29,68470.32,11.96,no,0,no,summer,92.0,4.9429916257580135,0.1,8.184144751212084,8.817670958148845
96853,Pharma,422,India,France,air,6248.0,3,13,20,25828.73,8.6,no,0,no,summer,90.8,4.133919654289373,0.1,5.732878092754409,8.817670958148845
16131,Clothing,470,USA,Japan,road,8761.0,3,60,66,8938.52,14.94,no,0,no,spring,94.9,1.0202625271087775,0.1,9.023766540218306,16.926536614561726
19793,Pharma,278,USA,UK,sea,12750.0,3,60,65,0.0,19.78,no,0,no,autumn,92.7,0.0,0.1,7.145225303009235,8.823788990938434
89578,Food,380,India,Japan,road,10999.0,3,60,66,13119.2,16.21,no,0,no,winter,95.8,1.1927629784525866,0.1,7.065576732979617,16.926536614561726
40164,Clothing,429,Brazil,Japan,sea,10420.0,5,60,67,0.0,12.7,no,0,no,winter,91.3,0.0,0.1,6.65541591696711,8.823788990938434
31777,Electronics,48,USA,Germany,road,1135.0,2,14,19,1014.48,6.17,no,0,no,autumn,99.3,0.8938149779735683,0.1,9.637998111730028,16.926536614561726
25331,Electronics,590,USA,UK,sea,6507.0,4,60,66,0.0,8.52,no,0,no,spring,90.0,0.0,0.1,7.533490595342509,8.823788990938434
79157,Electronics,821,USA,France,air,10564.0,2,21,26,45622.37,9.11,no,0,no,spring,95.6,4.318664331692541,0.1,8.643408034704342,8.817670958148845
51686,Machinery,802,India,UK,rail,14028.0,4,60,68,14277.12,29.13,no,0,no,spring,90.7,1.0177587681779299,0.1,11.7090781740979,15.19981997143669
75499,Pharma,219,Brazil,Brazil,sea,14908.0,3,60,64,0.0,23.78,no,0,no,autumn,98.4,0.0,0.1,4.624888082690087,8.823788990938434
4728,Machinery,996,China,France,air,12994.0,6,24,31,66016.27,9.53,no,0,no,winter,95.8,5.080519470524858,0.1,4.331141984075113,8.817670958148845
85199,Food,415,Germany,France,road,6758.0,4,60,67,7043.58,29.65,no,0,no,summer,90.5,1.042258064516129,0.1,4.882617410315163,16.926536614561726
35796,Clothing,443,China,Brazil,sea,7898.0,5,60,69,0.0,7.04,yes,5,no,spring,92.3,0.0,0.1,5.813054814902327,8.823788990938434
12257,Food,491,India,USA,rail,8497.0,6,60,70,8896.84,28.62,no,0,no,summer,97.7,1.047056608214664,0.1,11.727534744257385,15.19981997143669
35719,Food,339,USA,Germany,sea,1614.0,7,60,69,0.0,19.58,no,0,no,summer,93.0,0.0,0.1,9.437858525119488,8.823788990938434
70552,Electronics,267,Japan,France,road,11193.0,1,60,62,9161.27,24.35,no,0,no,spring,92.4,0.8184820870186724,0.1,10.918777288897868,16.926536614561726
54375,Electronics,364,France,UK,air,9024.0,4,19,24,39844.47,6.25,no,0,no,autumn,95.6,4.415388962765958,0.1,5.3370733779832875,8.817670958148845
39692,Pharma,704,Germany,India,sea,12878.0,2,60,66,0.0,13.95,no,0,no,spring,95.8,0.0,0.1,11.442730140089125,8.823788990938434
93703,Machinery,687,Germany,USA,air,11967.0,6,24,34,52238.32,6.29,no,0,no,winter,98.4,4.365197626807053,0.1,4.616739931367018,8.817670958148845
73692,Machinery,51,China,USA,road,2953.0,4,36,44,2860.61,12.8,no,0,no,winter,95.5,0.9687131730443617,0.1,11.908062016578457,16.926536614561726
98071,Machinery,825,USA,India,air,3299.0,5,6,13,13678.88,6.49,no,0,yes,winter,73.4,4.14637162776599,0.1,4.483472726279159,8.817670958148845
576,Pharma,858,France,UK,rail,9849.0,6,60,67,9401.18,15.09,no,0,no,autumn,99.1,0.9545314245101025,0.1,6.683270747703147,15.19981997143669
84611,Food,715,Japan,Japan,sea,13473.0,5,60,69,0.0,13.55,no,0,no,autumn,96.0,0.0,0.1,4.277742468613937,8.823788990938434
61770,Clothing,827,Brazil,UK,sea,4142.0,5,60,69,0.0,7.38,no,0,no,spring,94.7,0.0,0.1,9.660760646575671,8.823788990938434
32261,Food,524,Japan,USA,road,2612.0,3,33,37,2215.39,11.33,yes,1,no,spring,95.2,0.8481584992343032,0.1,5.790316663710022,16.926536614561726
82200,Pharma,586,China,USA,rail,11523.0,2,60,65,11360.55,21.75,no,0,no,spring,97.8,0.9859021088258265,0.1,8.329239023809599,15.19981997143669
36291,Food,243,USA,UK,road,13377.0,4,60,66,11731.96,31.93,no,0,no,autumn,92.5,0.8770247439635194,0.1,10.957044217604823,16.926536614561726
78450,Machinery,222,Japan,France,sea,122.0,4,6,11,0.0,1.97,no,0,no,summer,96.3,0.0,0.1,9.209496407252777,8.823788990938434
60056,Clothing,99,Germany,UK,sea,9052.0,6,60,67,0.0,33.18,no,0,no,summer,90.4,0.0,0.1,5.665699065669856,8.823788990938434
45949,Pharma,939,China,China,air,5562.0,3,9,13,22468.9,6.23,no,0,no,summer,90.3,4.039715929521755,0.1,10.369184814754659,8.817670958148845
28178,Pharma,364,Japan,China,air,5365.0,4,12,17,26914.25,7.01,no,0,no,autumn,98.8,5.0166356011183595,0.1,9.749481732267956,8.817670958148845
84464,Machinery,80,USA,Germany,sea,1527.0,5,60,69,0.0,9.14,no,0,no,spring,91.5,0.0,0.1,4.539154822514094,8.823788990938434
579,Clothing,539,Japan,UK,sea,5207.0,4,60,66,0.0,23.44,no,0,no,summer,98.6,0.0,0.1,11.382676325055014,8.823788990938434
30960,Clothing,550,France,Japan,road,7747.0,4,60,66,7291.53,31.18,no,0,no,autumn,,0.9412069188072802,0.1,9.254923109456783,16.926536614561726
64291,Clothing,522,UK,UK,sea,7382.0,5,60,68,0.0,15.56,no,0,no,summer,91.8,0.0,0.1,8.608991934425053,8.823788990938434
14532,Electronics,512,Japan,UK,air,3327.0,1,7,12,15701.81,4.13,no,0,no,autumn,95.6,4.719510069131349,0.1,6.510005357730915,8.817670958148845
17934,Pharma,765,France,Japan,road,1359.0,5,15,22,1521.8,4.72,no,0,no,spring,94.6,1.119793966151582,0.1,10.859734320961458,16.926536614561726
33609,Food,351,India,Japan,sea,1443.0,1,60,62,0.0,25.01,no,0,no,winter,96.8,0.0,0.1,7.70437069443154,8.823788990938434
49960,Machinery,203,UK,Brazil,air,1254.0,6,2,11,5688.89,1.96,no,0,no,winter,90.1,4.536594896331739,0.1,8.77496014693123,8.817670958148845
66599,Machinery,845,Germany,India,sea,9273.0,7,60,70,0.0,14.59,no,0,no,summer,90.6,0.0,0.1,4.007295783392609,8.823788990938434
99090,Food,994,France,USA,sea,3453.0,3,60,67,0.0,21.31,no,0,no,spring,98.2,0.0,0.1,8.112300273013364,8.823788990938434
34452,Machinery,103,USA,China,road,14446.0,3,60,65,15823.63,12.0,yes,8,no,winter,95.0,1.0953641146338087,0.1,5.578953371237134,16.926536614561726
34081,Food,139,India,France,road,2445.0,4,31,39,,5.07,no,0,no,winter,97.4,0.9195541922290388,0.1,10.344577392903673,16.926536614561726
63588,Food,323,Brazil,India,road,9787.0,5,60,69,9916.33,7.32,no,0,no,winter,95.0,1.013214468172065,0.1,9.129222652831913,16.926536614561726
4294,Pharma,390,France,USA,sea,14794.0,4,60,68,0.0,28.72,no,0,no,winter,99.6,0.0,0.1,10.780239063657362,8.823788990938434
69103,Machinery,389,UK,France,rail,2671.0,2,45,51,2785.87,11.12,no,0,no,autumn,92.0,1.0430063646574317,0.1,6.4483860855802515,15.19981997143669
86412,Electronics,783,Japan,USA,rail,12809.0,5,60,66,11522.72,31.27,no,0,no,summer,91.0,0.8995799828245764,0.1,7.462930963565421,15.19981997143669
99477,Clothing,877,Japan,France,sea,1084.0,3,53,60,0.0,22.17,no,0,no,autumn,91.3,0.0,0.1,11.79125605534659,8.823788990938434
53930,Electronics,59,India,Germany,sea,8956.0,2,60,66,0.0,28.12,yes,6,no,winter,93.1,0.0,0.1,7.486519562647505,8.823788990938434
87071,Electronics,205,USA,India,sea,14770.0,2,60,63,0.0,7.92,no,0,no,summer,92.1,0.0,0.1,8.001637413218571,8.823788990938434
65084,Food,468,Brazil,India,rail,7126.0,5,60,69,7484.4,31.0,no,0,no,summer,93.9,1.050294695481336,0.1,10.588647122387723,15.19981997143669
30713,Food,785,India,UK,road,1100.0,3,13,18,917.71,3.33,no,0,no,winter,94.6,0.8342818181818182,0.1,7.203235367476748,16.926536614561726
49183,Food,352,France,UK,sea,11809.0,6,60,68,0.0,21.68,no,0,no,summer,95.1,0.0,0.1,9.95344823231078,8.823788990938434
57235,Food,601,Germany,China,road,224.0,3,1,6,202.4,2.33,no,0,no,winter,96.3,0.9035714285714286,0.1,9.870145788150293,16.926536614561726
15664,Food,192,USA,Japan,road,13407.0,2,60,66,10864.92,12.15,no,0,no,autumn,96.5,0.8103915864846722,0.1,5.972005317875335,16.926536614561726
19967,Clothing,332,USA,India,sea,10478.0,2,60,65,0.0,30.97,no,0,no,winter,95.8,0.0,0.1,5.691192610651047,8.823788990938434
91913,Electronics,517,Germany,France,sea,14836.0,5,60,69,0.0,12.14,yes,9,no,autumn,92.4,0.0,0.1,5.929551053851467,8.823788990938434
91958,Clothing,155,USA,UK,air,5632.0,8,13,23,30529.18,5.59,no,0,no,winter,98.2,5.4206640625,0.1,7.826129223214858,8.817670958148845
81347,Pharma,526,USA,China,road,14618.0,2,60,66,15509.91,19.9,no,0,no,summer,98.2,1.0610145026679436,0.1,5.659859773146376,16.926536614561726
55326,Machinery,781,UK,Germany,rail,5183.0,5,60,69,4478.99,8.54,no,0,no,spring,99.8,0.8641693999614123,0.1,10.837526853043382,15.19981997143669
29858,Electronics,374,Japan,China,sea,3250.0,1,60,63,0.0,25.84,no,0,no,winter,,0.0,0.1,5.816083220666753,8.823788990938434
71223,Pharma,902,China,USA,sea,4126.0,1,60,64,0.0,29.81,no,0,no,autumn,94.1,0.0,0.1,10.686061362590232,8.823788990938434
52459,Food,620,India,Brazil,road,6945.0,6,60,68,6836.18,21.18,no,0,no,autumn,91.4,0.9843311735061195,0.1,7.707051902541108,16.926536614561726
88346,Pharma,341,Brazil,Japan,rail,2660.0,5,45,54,2872.46,13.71,no,0,no,summer,90.4,1.0798721804511278,0.1,9.115395115814243,15.19981997143669
82364,Clothing,848,Japan,China,sea,5778.0,5,60,67,0.0,12.18,no,0,no,winter,98.0,0.0,0.1,4.833276630410743,8.823788990938434
65350,Food,8,India,Germany,rail,342.0,4,6,11,303.43,3.24,no,0,no,spring,95.3,0.8872222222222222,0.1,10.178075420239326,15.19981997143669
59650,Pharma,790,China,USA,sea,12785.0,3,60,66,0.0,31.33,yes,8,no,winter,98.2,0.0,0.1,4.68428854617751,8.823788990938434
44953,Pharma,654,China,Brazil,sea,6166.0,2,60,64,0.0,30.55,no,0,no,spring,93.1,0.0,0.1,5.032652050437075,8.823788990938434
39526,Pharma,588,China,France,air,1632.0,5,3,11,8209.34,2.26,no,0,no,winter,96.9,5.030232843137255,0.1,11.979731189680585,8.817670958148845
13936,Machinery,897,USA,UK,road,10554.0,2,60,65,9205.11,8.32,no,0,no,winter,93.2,0.8721915861284821,0.1,5.052945247536021,16.926536614561726
93781,Electronics,574,Japan,France,air,2980.0,2,5,10,17364.15,3.33,no,0,no,summer,97.5,5.826895973154363,0.1,11.970596712712146,8.817670958148845
89885,Food,289,Japan,Japan,road,6594.0,3,60,66,6226.42,18.44,no,0,no,winter,95.9,0.9442553836821352,0.1,11.614340913612828,16.926536614561726
81144,Clothing,970,India,France,road,6083.0,4,60,68,6906.14,25.77,no,0,no,summer,98.6,1.1353180996218972,0.1,10.72754011739822,16.926536614561726
95800,Clothing,749,China,India,sea,7389.0,2,60,63,0.0,14.51,no,0,no,winter,96.7,0.0,0.1,10.767228825212216,8.823788990938434
89405,Clothing,491,USA,USA,rail,3868.0,6,60,70,3321.45,10.55,no,0,no,winter,97.8,0.8586995863495346,0.1,7.218052050884131,15.19981997143669
55224,Machinery,444,USA,France,sea,8691.0,4,60,66,0.0,7.67,yes,2,no,autumn,98.2,0.0,0.1,9.326923998916367,8.823788990938434
73646,Electronics,203,India,USA,road,7458.0,7,60,68,6999.34,18.74,yes,14,no,spring,91.8,0.9385009385894342,0.1,5.7596107305171556,16.926536614561726
66294,Pharma,716,USA,China,sea,7946.0,7,60,71,0.0,13.55,yes,12,no,winter,91.0,0.0,0.1,11.537168379715872,8.823788990938434
65540,Food,222,India,India,sea,2016.0,3,60,65,0.0,12.25,no,0,no,summer,96.0,0.0,0.1,11.614996085940064,8.823788990938434
28111,Clothing,125,India,Germany,road,12858.0,2,60,66,12761.09,9.84,no,0,no,spring,96.3,0.9924630580183543,0.1,4.5091074666049265,16.926536614561726
41929,Pharma,905,Brazil,Brazil,road,14746.0,6,60,69,16683.42,29.36,no,0,no,autumn,96.3,1.1313861386138613,0.1,9.640320614561434,16.926536614561726
86547,Clothing,434,Japan,China,road,13379.0,4,60,68,12408.48,12.41,no,0,no,spring,91.6,0.9274594513790269,0.1,6.108310268312991,16.926536614561726
82586,Machinery,65,USA,France,sea,8453.0,4,60,66,0.0,30.69,no,0,no,autumn,95.8,0.0,0.1,10.630393398833014,8.823788990938434
38604,Machinery,562,Brazil,Japan,sea,8030.0,1,60,62,0.0,19.54,yes,6,no,autumn,90.5,0.0,0.1,4.677249513536669,8.823788990938434
91658,Clothing,855,UK,China,rail,12939.0,4,60,68,15422.02,12.73,no,0,no,autumn,96.4,1.191902001700286,0.1,9.570263950342543,15.19981997143669
62787,Electronics,552,India,Brazil,sea,10074.0,5,60,69,0.0,7.85,no,0,no,summer,94.6,0.0,0.1,4.701311310840879,8.823788990938434
84341,Machinery,757,Brazil,India,rail,1479.0,3,24,30,1730.8,9.49,no,0,no,winter,96.2,1.1702501690331304,0.1,11.549875312964591,15.19981997143669
39875,Electronics,274,Japan,UK,sea,14293.0,3,60,65,0.0,29.78,yes,6,no,autumn,96.6,0.0,0.1,11.626536173205857,8.823788990938434
78469,Machinery,763,India,UK,road,7637.0,3,60,67,8908.46,17.9,no,0,no,spring,93.6,1.166486840382349,0.1,5.931937301085322,16.926536614561726
31632,Electronics,532,China,China,sea,12663.0,5,60,66,0.0,20.63,no,0,no,spring,93.5,0.0,0.1,11.397469857793583,8.823788990938434
14953,Pharma,803,UK,UK,sea,3559.0,3,60,64,0.0,26.84,no,0,no,winter,98.3,0.0,0.1,4.006641951341303,8.823788990938434
39332,Food,532,UK,UK,sea,5869.0,3,60,64,0.0,20.91,no,0,no,spring,96.3,0.0,0.1,9.748844796300645,8.823788990938434
48588,Machinery,437,Japan,India,rail,2306.0,6,38,48,1919.48,16.08,no,0,no,summer,94.3,0.8323850823937554,0.1,6.061547471801259,15.19981997143669
83595,Clothing,160,China,Brazil,sea,762.0,6,36,43,0.0,9.11,no,0,no,summer,94.9,0.0,0.1,4.406825708249208,8.823788990938434
41488,Electronics,165,USA,India,rail,1389.0,4,24,30,1461.05,14.36,no,0,no,autumn,99.6,1.0518718502519797,0.1,7.212953120757687,15.19981997143669
39628,Electronics,815,China,USA,road,14221.0,4,60,68,12670.47,19.71,no,0,no,winter,93.3,0.890968989522537,0.1,10.657517047371098,16.926536614561726
87895,Pharma,828,China,Japan,sea,2992.0,3,60,67,0.0,31.93,no,0,no,winter,99.0,0.0,0.1,5.023941817967961,8.823788990938434
26304,Machinery,358,Brazil,Japan,sea,6586.0,1,60,65,0.0,29.93,no,0,no,summer,94.5,0.0,0.1,6.089043504936207,8.823788990938434
67404,Machinery,187,Germany,USA,road,14790.0,4,60,68,15281.62,20.35,no,0,no,spring,96.5,1.0332400270453008,0.1,7.237161585901484,16.926536614561726
98085,Machinery,317,Germany,USA,sea,2424.0,4,60,67,0.0,11.44,no,0,no,spring,93.4,0.0,0.1,7.156443734888815,8.823788990938434
95602,Machinery,151,Germany,Japan,road,2804.0,2,35,39,2652.18,10.4,yes,9,no,spring,95.0,0.9458559201141227,0.1,9.56992058603485,16.926536614561726
5020,Electronics,171,India,Germany,rail,1310.0,6,22,32,1404.77,5.43,no,0,no,summer,100.0,1.0723435114503816,0.1,6.565968838038238,15.19981997143669
5224,Machinery,410,UK,Brazil,rail,3729.0,2,60,64,3493.95,18.89,yes,13,no,spring,90.1,0.9369670152855993,0.1,7.791516923888624,15.19981997143669
15781,Electronics,365,China,India,road,8022.0,5,60,66,6494.06,30.69,no,0,no,spring,95.4,0.8095312889553727,0.1,10.531771286945965,16.926536614561726
45557,Electronics,600,China,France,road,13878.0,3,60,67,13857.14,25.12,no,0,no,spring,90.8,0.9984969015708315,0.1,8.475241206618843,16.926536614561726
12897,Machinery,191,Brazil,Brazil,sea,3525.0,4,60,65,0.0,18.81,no,0,no,winter,95.9,0.0,0.1,11.264823878811187,8.823788990938434
34305,Food,861,India,USA,road,1610.0,4,19,27,,12.47,no,0,no,summer,96.2,0.8275155279503106,0.1,7.173461570350342,16.926536614561726
93323,Food,920,Germany,Japan,sea,5506.0,7,60,71,0.0,23.22,no,0,no,summer,97.9,0.0,0.1,5.138552972744805,8.823788990938434
5325,Pharma,658,UK,Japan,road,1289.0,6,14,21,1188.65,8.36,no,0,yes,autumn,63.9,0.9221489526764934,0.1,7.7533349385038655,16.926536614561726
52926,Electronics,70,France,UK,sea,6628.0,3,60,64,0.0,26.39,no,0,no,autumn,98.5,0.0,0.1,10.174174051982547,8.823788990938434
62865,Food,244,India,Germany,sea,10734.0,5,60,69,0.0,34.03,yes,11,no,spring,94.8,0.0,0.1,9.297352473582052,8.823788990938434
8019,Electronics,806,Germany,France,air,5705.0,6,12,19,24389.56,6.69,no,0,no,summer,97.3,4.275120070113935,0.1,11.542975366685933,8.817670958148845
82945,Machinery,764,USA,Germany,road,7161.0,3,60,66,5964.89,9.79,no,0,no,autumn,92.2,0.8329688590978914,0.1,7.992890654296568,16.926536614561726
90377,Clothing,261,France,Brazil,sea,5660.0,7,60,70,0.0,16.45,no,0,yes,winter,55.1,0.0,0.1,10.03006946357154,8.823788990938434
41721,Pharma,869,Japan,Germany,road,11219.0,5,60,68,10230.42,28.49,no,0,no,winter,90.5,0.9118834120688118,0.1,4.540354369075345,16.926536614561726
867,Machinery,78,Japan,Japan,sea,11441.0,4,60,66,0.0,17.29,no,0,no,spring,93.0,0.0,0.1,6.792300370809942,8.823788990938434
98444,Electronics,272,China,UK,sea,615.0,5,31,40,0.0,14.7,no,0,no,summer,92.8,0.0,0.1,8.994797684670118,8.823788990938434
83040,Pharma,595,Brazil,Brazil,sea,6662.0,4,60,67,0.0,11.86,no,0,no,spring,94.6,0.0,0.1,8.637399200773402,8.823788990938434
13925,Pharma,729,Germany,UK,sea,11911.0,3,60,65,0.0,20.38,yes,14,no,winter,97.7,0.0,0.1,5.8215549928973624,8.823788990938434
79893,Pharma,853,Germany,Japan,sea,12040.0,3,60,65,0.0,14.28,no,0,no,autumn,92.6,0.0,0.1,4.010297566392929,8.823788990938434
31184,Food,792,Germany,Japan,air,11503.0,3,24,31,59958.96,4.6,no,0,no,autumn,91.1,5.21246283578197,0.1,9.774782098244266,8.817670958148845
13800,Pharma,469,UK,France,road,6104.0,4,60,67,5502.85,18.85,no,0,yes,summer,68.3,0.9015153997378769,0.1,5.146112278479228,16.926536614561726
40989,Food,460,India,UK,sea,10423.0,1,60,65,0.0,22.26,no,0,no,spring,99.5,0.0,0.1,7.70002797586571,8.823788990938434
66734,Machinery,306,Germany,China,rail,2527.0,6,42,50,2888.27,8.07,no,0,no,autumn,95.4,1.1429639889196677,0.1,5.111714569114331,15.19981997143669
78331,Electronics,85,India,Japan,sea,892.0,5,44,53,,24.24,no,0,no,summer,96.4,0.0,0.1,11.558021555540115,8.823788990938434
24379,Pharma,430,Japan,USA,sea,10042.0,3,60,64,0.0,27.23,no,0,no,summer,99.2,0.0,0.1,10.34777952774914,8.823788990938434
23415,Machinery,431,UK,France,rail,3813.0,2,60,66,3312.19,10.3,no,0,no,autumn,97.0,0.8686572252819302,0.1,11.464799532076167,15.19981997143669
97560,Electronics,17,UK,USA,sea,9322.0,6,60,69,0.0,17.65,no,0,no,autumn,95.0,0.0,0.1,10.012968319820818,8.823788990938434
22993,Clothing,164,China,India,sea,2659.0,6,60,70,0.0,9.38,no,0,no,winter,99.9,0.0,0.1,10.29112328998848,8.823788990938434
3232,Pharma,564,UK,India,rail,6693.0,2,60,64,5995.36,31.73,no,0,no,spring,92.3,0.8957657253847303,0.1,5.666596658876266,15.19981997143669
41996,Clothing,94,India,Japan,air,11059.0,3,22,29,44398.64,6.27,yes,10,no,summer,99.8,4.014706573831268,0.1,9.571922450631277,8.817670958148845
49188,Clothing,838,France,Japan,sea,14897.0,4,60,66,0.0,14.45,no,0,no,summer,91.3,0.0,0.1,7.101163664182267,8.823788990938434
22515,Clothing,657,Japan,UK,sea,1320.0,2,60,63,0.0,14.14,no,0,no,autumn,98.6,0.0,0.1,9.902918156615526,8.823788990938434
21326,Food,219,India,Germany,sea,7403.0,3,60,65,0.0,10.95,no,0,no,autumn,98.0,0.0,0.1,9.259867791872253,8.823788990938434
86234,Electronics,509,China,Japan,sea,6744.0,2,60,66,0.0,27.48,no,0,no,autumn,97.4,0.0,0.1,10.657293376841267,8.823788990938434
88127,Pharma,506,India,UK,road,8871.0,6,60,70,9223.01,30.41,yes,2,no,autumn,97.5,1.0396809829782439,0.1,8.516266433886472,16.926536614561726
29824,Clothing,788,USA,France,air,1348.0,3,3,10,7185.92,1.56,no,0,no,summer,92.7,5.33080118694362,0.1,8.068084428741468,8.817670958148845
92485,Electronics,955,UK,USA,air,12931.0,3,25,30,52950.26,5.24,no,0,no,spring,91.6,4.09483102621607,0.1,10.605389799003678,8.817670958148845
68425,Electronics,488,Germany,Germany,road,3121.0,4,39,45,2665.68,21.96,yes,12,no,winter,95.2,0.854110861903236,0.1,4.449776510327302,16.926536614561726
64484,Food,530,UK,USA,air,10931.0,6,21,28,63095.64,13.46,no,0,no,winter,96.9,5.772174549446528,0.1,6.884609377703251,8.817670958148845
51020,Food,933,India,Japan,road,10167.0,4,60,68,11750.36,11.19,no,0,no,summer,91.6,1.1557352217960069,0.1,9.428033416027834,16.926536614561726
26754,Food,680,China,UK,air,1502.0,4,1,7,6465.89,0.72,no,0,no,spring,94.2,4.304853528628495,0.1,10.95157827696968,8.817670958148845
49964,Machinery,275,USA,Brazil,road,6898.0,4,60,66,5533.7,28.36,no,0,no,winter,93.6,0.8022180342128152,0.1,5.721023028665328,16.926536614561726
42732,Electronics,767,Germany,China,road,8665.0,3,60,67,7273.37,30.11,no,0,no,winter,92.1,0.839396422388921,0.1,7.038416935314094,16.926536614561726
29057,Pharma,14,UK,Germany,road,5944.0,3,60,65,6709.93,7.29,yes,12,no,autumn,91.9,1.1288576716016152,0.1,9.534693265674285,16.926536614561726
55318,Electronics,46,Germany,UK,sea,7746.0,4,60,65,0.0,8.03,no,0,no,winter,94.2,0.0,0.1,8.120244852778075,8.823788990938434
35497,Food,195,Brazil,France,road,3135.0,3,39,46,3652.89,7.25,no,0,no,summer,92.6,1.1651961722488038,0.1,10.572655113767997,16.926536614561726
56338,Food,878,USA,Brazil,rail,8262.0,6,60,67,6866.56,21.59,no,0,no,spring,95.9,0.8311014282256113,0.1,7.417059924434129,15.19981997143669
79278,Pharma,289,UK,Germany,sea,6642.0,5,60,67,0.0,33.3,yes,11,no,winter,90.2,0.0,0.1,8.88895317802131,8.823788990938434
5465,Machinery,851,Japan,USA,road,947.0,6,12,21,938.77,6.51,no,0,no,spring,98.1,0.9913093980992608,0.1,5.054452881968684,16.926536614561726
70156,Machinery,677,UK,Brazil,road,2473.0,2,30,35,2820.58,11.97,no,0,no,winter,92.4,1.1405499393449252,0.1,9.890240833215495,16.926536614561726
70670,Pharma,81,China,India,road,12603.0,1,60,63,13778.15,22.67,no,0,no,summer,94.0,1.0932436721415535,0.1,11.062225537139188,16.926536614561726
56014,Food,394,UK,India,road,10025.0,7,60,71,9084.77,10.01,no,0,no,spring,91.4,0.9062114713216958,0.1,9.051326472023966,16.926536614561726
12086,Pharma,934,USA,India,sea,6969.0,4,60,68,0.0,11.5,no,0,no,winter,92.9,0.0,0.1,4.516884996448875,8.823788990938434
56819,Pharma,516,Germany,Germany,sea,8833.0,2,60,63,0.0,13.03,yes,4,no,winter,97.4,0.0,0.1,9.955379840966714,8.823788990938434
20001,Clothing,495,China,Japan,sea,4579.0,5,60,68,0.0,19.95,no,0,no,summer,95.5,0.0,0.1,4.039520424911911,8.823788990938434
69067,Pharma,388,USA,China,rail,5438.0,4,60,65,4598.6,18.86,yes,1,no,summer,95.7,0.8456417800662008,0.1,10.226455725812047,15.19981997143669
50453,Clothing,342,France,Germany,sea,7297.0,1,60,63,0.0,29.92,yes,10,no,winter,93.2,0.0,0.1,9.484955996804258,8.823788990938434
90710,Machinery,535,Japan,Germany,sea,8476.0,5,60,67,0.0,21.81,no,0,no,spring,91.2,0.0,0.1,8.920895805645095,8.823788990938434
52885,Machinery,857,Germany,India,sea,1615.0,6,60,69,0.0,14.41,no,0,no,summer,97.4,0.0,0.1,8.682539443087819,8.823788990938434
30964,Pharma,505,Japan,Brazil,sea,1773.0,3,60,64,0.0,26.67,yes,14,no,summer,92.4,0.0,0.1,8.833367498553299,8.823788990938434
34574,Clothing,817,Japan,Germany,road,4866.0,5,59,65,5303.35,30.28,no,0,no,summer,93.1,1.089878750513769,0.1,4.697778408298537,16.926536614561726
15295,Electronics,298,USA,India,sea,8968.0,5,60,67,0.0,12.72,no,0,no,summer,95.8,0.0,0.1,5.896377377658869,8.823788990938434
27919,Clothing,391,China,Germany,sea,341.0,3,17,23,0.0,9.27,no,0,no,summer,99.6,0.0,0.1,7.7714948721997255,8.823788990938434
46121,Pharma,385,Germany,UK,rail,7014.0,2,60,63,7621.15,29.93,no,0,no,winter,90.1,1.0865625891074993,0.1,11.201520102414307,15.19981997143669
35074,Pharma,281,Germany,USA,road,10759.0,6,60,68,9904.85,32.07,no,0,no,summer,97.6,0.9206106515475416,0.1,4.576966993455229,16.926536614561726
10551,Food,467,China,Brazil,road,12796.0,3,60,67,10444.83,31.11,no,0,yes,spring,65.3,0.816257424195061,0.1,5.426104691118116,16.926536614561726
91128,Machinery,36,USA,India,road,9495.0,3,60,64,8042.67,18.87,no,0,no,summer,,0.847042654028436,0.1,9.216368627873756,16.926536614561726
691,Pharma,248,Japan,Japan,sea,8583.0,3,60,66,0.0,17.72,no,0,no,winter,96.0,0.0,0.1,5.570347756709381,8.823788990938434
77730,Pharma,110,USA,France,air,4933.0,4,10,18,23236.32,2.5,no,0,no,winter,96.8,4.71038313399554,0.1,9.77614059348635,8.817670958148845
36097,Pharma,84,UK,Brazil,sea,14826.0,2,60,64,0.0,13.0,no,0,no,winter,98.1,0.0,0.1,5.92697363319305,8.823788990938434
65352,Pharma,992,Japan,Germany,air,10543.0,2,20,23,45939.64,4.88,no,0,no,winter,94.9,4.357359385374182,0.1,11.753003392127749,8.817670958148845
11041,Machinery,818,UK,USA,rail,2139.0,7,35,44,1902.0,6.43,no,0,no,spring,93.9,0.8892005610098177,0.1,9.62154132263172,15.19981997143669
4222,Pharma,890,India,Brazil,road,9349.0,3,60,66,9871.63,23.03,no,0,no,spring,97.3,1.055902235533212,0.1,6.180883404548428,16.926536614561726
822,Machinery,105,France,USA,rail,3316.0,6,56,63,3538.35,15.92,no,0,no,spring,92.6,1.0670536791314837,0.1,8.541852364581768,15.19981997143669
38129,Food,727,Brazil,UK,sea,5091.0,2,60,64,0.0,9.2,yes,7,no,winter,91.6,0.0,0.1,8.712587097126017,8.823788990938434
89152,Food,643,Japan,UK,road,13677.0,2,60,64,12314.29,24.81,no,0,no,winter,94.5,0.9003648460919793,0.1,8.85098281420958,16.926536614561726
29232,Machinery,418,USA,USA,sea,14531.0,3,60,64,0.0,16.42,yes,2,no,summer,91.5,0.0,0.1,9.074402557710862,8.823788990938434
50557,Food,140,Germany,China,air,10119.0,2,20,25,46801.28,12.14,no,0,no,winter,95.1,4.625089435714991,0.1,7.564460187879196,8.817670958148845
33685,Machinery,304,Japan,India,sea,5035.0,8,60,70,0.0,13.21,no,0,no,winter,95.1,0.0,0.1,8.758589100632154,8.823788990938434
58754,Clothing,872,India,Germany,sea,12650.0,3,60,65,0.0,26.51,no,0,no,spring,92.6,0.0,0.1,5.234026604290543,8.823788990938434
27023,Electronics,981,India,UK,road,12321.0,5,60,66,13199.97,10.74,yes,5,yes,winter,77.4,1.0713391770148526,0.1,5.50388377728315,16.926536614561726
36906,Pharma,961,Japan,Brazil,air,7199.0,4,14,19,30429.14,7.57,no,0,no,spring,99.4,4.2268565078483125,0.1,5.778779635611607,8.817670958148845
271,Food,434,UK,USA,sea,9467.0,4,60,65,0.0,13.36,no,0,no,summer,94.0,0.0,0.1,9.437629426095885,8.823788990938434
8867,Electronics,418,China,India,air,5980.0,4,12,18,26310.89,5.22,no,0,no,winter,95.2,4.399814381270903,0.1,4.060800158464634,8.817670958148845
15007,Pharma,478,China,Japan,road,12471.0,2,60,64,11528.67,12.65,no,0,no,spring,92.0,0.924438296848689,0.1,10.084096506655179,16.926536614561726
4689,Electronics,503,USA,India,sea,10674.0,3,60,66,0.0,31.26,yes,9,no,winter,100.0,0.0,0.1,6.390792291965085,8.823788990938434
81996,Food,681,Germany,China,air,10636.0,5,19,26,44632.84,11.56,yes,7,no,autumn,93.6,4.19639338097029,0.1,9.035297757232097,8.817670958148845
84373,Machinery,370,Brazil,USA,sea,13501.0,2,60,65,0.0,31.27,no,0,no,summer,97.4,0.0,0.1,11.077248494467753,8.823788990938434
2515,Machinery,636,Japan,Brazil,rail,14521.0,3,60,65,15686.72,30.9,no,0,no,summer,98.8,1.0802782177535981,0.1,8.102132213038923,15.19981997143669
36400,Food,374,Brazil,Brazil,air,13140.0,2,26,32,77179.76,13.07,yes,4,no,autumn,91.4,5.873649923896499,0.1,5.753197899054157,8.817670958148845
38869,Food,629,Japan,Brazil,sea,5013.0,4,60,67,0.0,29.14,yes,6,no,spring,93.3,0.0,0.1,8.233500013985529,8.823788990938434
58245,Pharma,291,USA,USA,sea,6488.0,4,60,66,0.0,32.13,no,0,no,winter,91.1,0.0,0.1,7.7562264895580135,8.823788990938434
30410,Clothing,702,UK,UK,road,12696.0,1,60,63,12502.03,17.72,no,0,no,spring,98.7,0.9847219596723378,0.1,10.324127421341988,16.926536614561726
54795,Clothing,210,Germany,China,rail,10212.0,5,60,69,10238.26,29.38,no,0,no,spring,93.7,1.0025714845280063,0.1,4.279105818768237,15.19981997143669
19264,Electronics,463,China,UK,sea,11224.0,4,60,65,0.0,32.39,yes,12,no,summer,93.2,0.0,0.1,8.85983614416055,8.823788990938434
83910,Food,121,France,France,air,2773.0,5,5,14,15168.08,5.3,no,0,no,winter,90.1,5.469917057338622,0.1,6.393335321774605,8.817670958148845
26974,Machinery,999,UK,Germany,road,402.0,6,6,15,393.21,7.1,no,0,no,summer,95.4,0.9781343283582089,0.1,6.778980813331846,16.926536614561726
7130,Electronics,588,India,China,road,1289.0,4,16,22,1481.74,2.47,no,0,no,winter,99.3,1.1495267649340575,0.1,11.075788476346938,16.926536614561726
7145,Clothing,559,Brazil,UK,sea,11007.0,6,60,69,0.0,31.73,yes,5,no,autumn,99.1,0.0,0.1,9.399586054396014,8.823788990938434
45466,Electronics,548,UK,Brazil,road,12121.0,5,60,66,14016.32,25.21,no,0,no,winter,97.4,1.1563666364161374,0.1,4.472016381252719,16.926536614561726
1967,Clothing,534,France,Japan,sea,13988.0,6,60,68,0.0,23.89,yes,10,no,winter,97.2,0.0,0.1,7.682896304930573,8.823788990938434
15153,Electronics,189,France,China,road,6002.0,4,60,67,4876.01,30.21,no,0,no,autumn,93.5,0.8123975341552816,0.1,6.444212754291165,16.926536614561726
19114,Electronics,80,China,UK,road,2608.0,3,34,40,2111.7,9.91,no,0,no,autumn,,0.8097009202453987,0.1,9.199964283057302,16.926536614561726
76207,Pharma,590,France,Japan,sea,13862.0,3,60,67,0.0,17.34,no,0,no,winter,91.8,0.0,0.1,9.502577989304958,8.823788990938434
32142,Pharma,90,UK,China,road,2838.0,5,34,42,2509.27,11.74,no,0,no,spring,97.9,0.884168428470754,0.1,9.831339861467853,16.926536614561726
21935,Clothing,86,UK,Germany,road,8780.0,5,60,68,7055.13,11.61,no,0,no,autumn,95.3,0.8035455580865604,0.1,5.33507739418579,16.926536614561726
40360,Food,177,China,USA,road,595.0,4,6,14,692.32,2.84,yes,11,no,winter,98.3,1.1635630252100841,0.1,9.051352131715694,16.926536614561726
53842,Food,383,Germany,USA,sea,10887.0,1,60,62,0.0,10.58,no,0,no,spring,94.0,0.0,0.1,11.374487154332932,8.823788990938434
9163,Electronics,242,France,Japan,sea,6132.0,4,60,66,0.0,8.03,no,0,no,winter,95.1,0.0,0.1,10.99831472806396,8.823788990938434
87844,Food,431,India,India,sea,10334.0,5,60,67,0.0,23.22,no,0,no,summer,95.0,0.0,0.1,6.968355519932051,8.823788990938434
37630,Machinery,1,Brazil,Germany,sea,13696.0,3,60,64,0.0,20.03,no,0,no,winter,99.6,0.0,0.1,8.2311147099859,8.823788990938434
83305,Pharma,467,USA,India,air,12043.0,4,25,31,54788.09,9.75,no,0,no,spring,93.0,4.549372249439508,0.1,7.951441720797745,8.817670958148845
66270,Food,815,France,USA,sea,10529.0,5,60,68,0.0,15.69,no,0,no,spring,94.1,0.0,0.1,7.092471307775162,8.823788990938434
34654,Electronics,187,Germany,China,sea,13614.0,4,60,68,0.0,25.62,no,0,no,autumn,95.9,0.0,0.1,5.460797722513757,8.823788990938434
41963,Pharma,447,Japan,Germany,road,5177.0,4,60,68,5530.54,14.08,no,0,no,spring,95.9,1.068290515742708,0.1,10.193008095347642,16.926536614561726
39591,Food,632,France,Germany,air,3347.0,2,6,10,16976.89,1.54,no,0,no,summer,98.4,5.072270690170302,0.1,7.4753507073980625,8.817670958148845
81036,Clothing,663,UK,Brazil,sea,5349.0,3,60,64,0.0,26.45,no,0,no,winter,93.4,0.0,0.1,7.845540353411182,8.823788990938434
10981,Clothing,49,Germany,India,air,3129.0,4,6,14,16644.42,5.95,no,0,no,summer,92.9,5.31940556088207,0.1,6.8208676505166865,8.817670958148845
56300,Clothing,599,UK,USA,sea,10875.0,5,60,68,0.0,7.5,no,0,no,spring,90.9,0.0,0.1,5.754995433484277,8.823788990938434
61549,Food,233,India,Japan,sea,10457.0,2,60,64,0.0,27.0,no,0,no,spring,90.9,0.0,0.1,7.470488867260722,8.823788990938434
88401,Electronics,847,India,France,road,12227.0,5,60,67,14450.83,33.25,no,0,no,spring,94.0,1.1818786292631063,0.1,9.044317190431123,16.926536614561726
44324,Electronics,226,UK,India,sea,527.0,6,26,33,0.0,10.22,no,0,no,winter,91.4,0.0,0.1,4.930036772290584,8.823788990938434
55208,Food,255,Brazil,Brazil,air,6710.0,6,13,23,27918.03,9.15,no,0,no,winter,99.9,4.160660208643815,0.1,10.217440652121352,8.817670958148845
53528,Machinery,503,Brazil,Germany,sea,4302.0,2,60,63,0.0,14.69,no,0,no,autumn,91.8,0.0,0.1,7.572256712859369,8.823788990938434
26971,Electronics,820,USA,Japan,rail,14208.0,4,60,67,13342.68,19.19,no,0,no,autumn,98.3,0.9390962837837838,0.1,4.679597957648589,15.19981997143669
73218,Electronics,604,USA,UK,sea,1575.0,2,60,66,0.0,18.73,no,0,no,spring,94.0,0.0,0.1,7.858262259162485,8.823788990938434
65891,Electronics,806,Japan,USA,air,2769.0,3,6,10,15706.54,4.85,no,0,yes,spring,69.3,5.6722788010111955,0.1,4.444730938113752,8.817670958148845
42222,Electronics,743,China,Japan,sea,6194.0,9,60,70,0.0,17.11,no,0,no,autumn,94.0,0.0,0.1,8.407012961858747,8.823788990938434
97866,Electronics,597,Japan,Germany,road,2096.0,3,25,29,1739.39,7.81,no,0,yes,spring,71.0,0.8298616412213741,0.1,5.3426161078081496,16.926536614561726
12251,Electronics,807,China,UK,road,6260.0,7,60,70,6676.24,26.49,yes,9,no,spring,96.3,1.0664920127795527,0.1,6.757361945125136,16.926536614561726
69437,Clothing,995,Japan,France,air,8811.0,5,18,25,37930.32,8.4,no,0,yes,spring,60.9,4.30488253319714,0.1,6.233550537058228,8.817670958148845
38433,Pharma,333,USA,UK,sea,9308.0,7,60,70,0.0,26.96,yes,11,no,summer,94.4,0.0,0.1,6.2919766153667736,8.823788990938434
40890,Pharma,694,India,Germany,sea,8027.0,8,60,69,0.0,27.73,no,0,no,autumn,90.2,0.0,0.1,8.316336517397207,8.823788990938434
30999,Machinery,989,USA,UK,road,12753.0,2,60,65,12198.0,10.22,no,0,yes,winter,72.3,0.9564808280404611,0.1,5.915604054102992,16.926536614561726
56146,Clothing,300,Brazil,Japan,sea,5379.0,5,60,67,0.0,7.81,no,0,no,summer,91.9,0.0,0.1,6.1343132374232905,8.823788990938434
95414,Machinery,860,Japan,Brazil,sea,9572.0,5,60,68,0.0,8.04,no,0,no,autumn,94.9,0.0,0.1,9.90133304154324,8.823788990938434
22156,Pharma,295,Japan,India,sea,4377.0,5,60,68,0.0,27.59,no,0,no,spring,92.4,0.0,0.1,7.736983808449296,8.823788990938434
17614,Pharma,888,India,USA,rail,11135.0,2,60,66,13034.19,27.74,no,0,no,summer,98.3,1.1705603951504266,0.1,7.54191837879182,15.19981997143669
56444,Machinery,658,UK,Brazil,sea,12157.0,3,60,64,0.0,9.11,no,0,no,spring,92.2,0.0,0.1,8.877977597475116,8.823788990938434
98400,Food,212,France,UK,sea,11300.0,3,60,67,0.0,9.45,no,0,no,winter,93.7,0.0,0.1,10.392909235802922,8.823788990938434
24053,Food,399,India,Japan,sea,14638.0,4,60,65,0.0,26.69,no,0,no,spring,97.6,0.0,0.1,7.18014832764044,8.823788990938434
50243,Machinery,229,Germany,UK,road,13499.0,6,60,69,13931.88,16.23,no,0,no,autumn,97.9,1.0320675605600413,0.1,6.480836577860395,16.926536614561726
58999,Clothing,796,China,India,air,958.0,3,1,7,5591.0,1.96,yes,10,no,winter,93.1,5.836116910229645,0.1,6.957795749128836,8.817670958148845
31345,Food,917,Germany,USA,air,10740.0,4,22,27,61511.09,5.43,no,0,yes,summer,64.0,5.727289571694599,0.1,8.627148779464903,8.817670958148845
61242,Electronics,658,Brazil,USA,sea,10209.0,4,60,67,0.0,8.65,no,0,no,summer,94.7,0.0,0.1,5.8027860256423995,8.823788990938434
92530,Electronics,825,USA,France,road,1548.0,3,18,25,1515.65,7.26,no,0,no,autumn,97.6,0.9791020671834626,0.1,6.666623439408435,16.926536614561726
80829,Electronics,329,India,China,rail,12935.0,1,60,62,14263.5,24.87,no,0,no,winter,98.2,1.102705836876691,0.1,6.355904950551766,15.19981997143669
51726,Clothing,777,France,UK,sea,5799.0,2,60,63,0.0,8.22,no,0,no,winter,91.1,0.0,0.1,6.742603284496602,8.823788990938434
33880,Pharma,697,India,Japan,air,6889.0,2,13,19,32380.66,6.22,no,0,no,winter,94.8,4.700342575119756,0.1,11.0977815625861,8.817670958148845
83007,Clothing,852,Japan,Japan,road,1624.0,4,21,26,1511.43,12.68,no,0,no,summer,92.5,0.9306834975369459,0.1,8.31248893719231,16.926536614561726
73909,Food,106,India,Japan,sea,14467.0,2,60,66,0.0,26.24,yes,4,no,winter,91.2,0.0,0.1,11.649722251595243,8.823788990938434
67247,Food,843,USA,France,rail,2908.0,4,48,53,3163.91,22.43,no,0,no,winter,90.3,1.0880020632737275,0.1,11.903959924865873,15.19981997143669
88808,Pharma,901,UK,France,sea,7330.0,3,60,64,0.0,19.08,no,0,no,spring,98.3,0.0,0.1,6.859818963807761,8.823788990938434
13122,Clothing,873,Germany,Brazil,road,7565.0,6,60,67,8621.33,31.56,no,0,no,summer,90.7,1.1396338400528752,0.1,5.505229696024035,16.926536614561726
8258,Electronics,451,India,USA,sea,9956.0,7,60,70,0.0,25.82,no,0,no,spring,98.8,0.0,0.1,11.76656510315291,8.823788990938434
93381,Clothing,28,China,India,air,3831.0,4,7,14,17492.67,4.38,no,0,no,autumn,92.3,4.566084573218481,0.1,8.726067259049653,8.817670958148845
13915,Food,198,Japan,France,sea,12060.0,2,60,65,0.0,28.03,no,0,no,autumn,96.6,0.0,0.1,4.97900955950095,8.823788990938434
30903,Clothing,205,China,China,sea,5519.0,4,60,68,0.0,23.65,yes,1,no,summer,95.2,0.0,0.1,9.063361998619708,8.823788990938434
72859,Pharma,837,India,India,air,6944.0,5,14,22,29628.86,7.46,no,0,no,autumn,98.1,4.266828917050692,0.1,10.636729098809843,8.817670958148845
20293,Clothing,874,UK,China,road,9629.0,2,60,64,7704.6,21.72,no,0,no,winter,91.5,0.8001453941219234,0.1,4.01358362400371,16.926536614561726
58171,Machinery,354,China,France,road,1765.0,5,23,30,2104.57,11.07,no,0,no,summer,96.3,1.1923909348441928,0.1,4.78068533362531,16.926536614561726
20950,Clothing,131,France,UK,sea,7832.0,2,60,64,0.0,28.14,no,0,no,spring,97.7,0.0,0.1,7.124304026631991,8.823788990938434
36695,Clothing,462,Brazil,China,road,12936.0,4,60,65,15171.89,23.48,no,0,no,spring,92.3,1.1728424551638836,0.1,8.96356304283957,16.926536614561726
8526,Machinery,249,Japan,USA,sea,9554.0,2,60,65,0.0,12.26,yes,9,no,summer,98.4,0.0,0.1,5.918682079136836,8.823788990938434
78272,Electronics,321,China,France,rail,5660.0,3,60,64,4597.93,14.11,yes,14,no,autumn,93.8,0.8123551236749117,0.1,4.259655988771229,15.19981997143669
77403,Food,913,India,UK,air,5036.0,5,11,20,26771.46,2.1,yes,11,no,spring,92.6,5.316016679904686,0.1,7.948417436250761,8.817670958148845
77652,Electronics,37,UK,Germany,sea,12522.0,6,60,67,0.0,22.56,yes,8,no,summer,92.5,0.0,0.1,6.714678231265482,8.823788990938434
99837,Pharma,236,Brazil,Germany,sea,538.0,6,27,34,0.0,12.37,no,0,no,summer,98.2,0.0,0.1,11.20366727024598,8.823788990938434
92272,Machinery,396,USA,France,air,8084.0,3,14,21,43041.97,10.0,no,0,no,spring,93.0,5.324340672934191,0.1,9.062843814344928,8.817670958148845
29776,Machinery,125,Japan,UK,sea,2519.0,7,60,70,0.0,13.88,no,0,no,winter,,0.0,0.1,5.897552005850659,8.823788990938434
34808,Electronics,606,Germany,USA,sea,886.0,3,42,46,0.0,12.99,no,0,no,winter,94.0,0.0,0.1,10.972317436702841,8.823788990938434
16886,Food,468,China,India,air,3175.0,7,6,17,15096.17,6.95,no,0,no,spring,93.8,4.7546992125984255,0.1,8.058448228100211,8.817670958148845
49984,Electronics,238,Germany,Japan,sea,10855.0,4,60,68,0.0,14.08,no,0,no,spring,97.4,0.0,0.1,6.234819723656699,8.823788990938434
62615,Electronics,362,India,Brazil,sea,4711.0,2,60,66,0.0,7.6,no,0,no,summer,98.9,0.0,0.1,11.962085163875727,8.823788990938434
14229,Machinery,804,India,UK,road,12022.0,4,60,66,11211.84,20.45,yes,1,no,winter,91.2,0.9326102146065547,0.1,8.64359697818006,16.926536614561726
52177,Clothing,690,UK,Japan,road,8519.0,3,60,65,7439.45,13.08,yes,1,no,winter,93.4,0.8732773799741753,0.1,8.940801953048538,16.926536614561726
8029,Pharma,551,USA,France,sea,10749.0,4,60,68,,24.83,no,0,no,spring,95.1,0.0,0.1,8.990804797903834,8.823788990938434
28922,Machinery,43,Brazil,China,air,4206.0,3,7,11,23610.97,2.22,no,0,no,spring,93.9,5.613640038040894,0.1,5.6833732270038535,8.817670958148845
69420,Clothing,885,Brazil,China,sea,11391.0,2,60,64,0.0,27.26,no,0,no,autumn,98.4,0.0,0.1,7.561311295314325,8.823788990938434
70812,Clothing,537,USA,Germany,road,13346.0,4,60,66,12536.73,13.11,no,0,yes,spring,75.4,0.9393623557620261,0.1,11.637320806269155,16.926536614561726
34364,Electronics,22,India,Germany,air,5584.0,3,12,16,28497.94,2.07,no,0,yes,winter,57.5,5.103499283667621,0.1,4.289271990278847,8.817670958148845
43204,Pharma,458,UK,France,road,12527.0,9,60,71,12920.6,29.47,no,0,no,summer,94.2,1.0314201325137702,0.1,7.91699329602525,16.926536614561726
36795,Machinery,799,UK,USA,sea,14921.0,3,60,67,0.0,12.32,no,0,no,spring,90.7,0.0,0.1,5.053267226292669,8.823788990938434
97027,Machinery,668,UK,India,air,13369.0,2,27,30,75759.94,12.9,no,0,no,summer,90.2,5.666836711795946,0.1,7.311432051111397,8.817670958148845
63343,Machinery,696,USA,China,sea,11948.0,1,60,62,0.0,15.48,no,0,no,winter,93.5,0.0,0.1,9.919786918833204,8.823788990938434
36956,Clothing,924,India,Brazil,road,1111.0,5,12,21,951.42,8.37,no,0,no,autumn,97.3,0.8563636363636363,0.1,4.282540608406517,16.926536614561726
69229,Machinery,223,India,Japan,air,14764.0,3,29,36,60213.28,4.15,no,0,no,summer,93.1,4.078385261446762,0.1,7.850669333435336,8.817670958148845
9424,Electronics,431,UK,France,sea,1647.0,3,60,66,0.0,31.11,yes,11,no,winter,93.5,0.0,0.1,9.960175951341608,8.823788990938434
86001,Machinery,957,Brazil,China,road,9610.0,4,60,67,10311.07,17.69,no,0,no,spring,98.1,1.072952133194589,0.1,10.292260543650928,16.926536614561726
16959,Machinery,28,Japan,Brazil,sea,9582.0,10,60,74,0.0,31.56,yes,8,no,summer,91.3,0.0,0.1,4.502132761349448,8.823788990938434
21615,Machinery,377,Japan,Brazil,road,6465.0,3,60,66,6738.01,7.5,no,0,no,autumn,93.8,1.042228924980665,0.1,10.600604160299781,16.926536614561726
61462,Machinery,133,France,China,sea,14004.0,7,60,71,,17.36,no,0,no,winter,95.0,0.0,0.1,4.820654551058607,8.823788990938434
61774,Pharma,410,France,Brazil,sea,6677.0,5,60,66,0.0,15.45,no,0,no,spring,94.4,0.0,0.1,6.464570814301855,8.823788990938434
86802,Clothing,519,Brazil,France,sea,11227.0,2,60,64,0.0,17.82,no,0,no,winter,93.4,0.0,0.1,11.140348233907638,8.823788990938434
67503,Pharma,219,France,USA,sea,11660.0,6,60,67,0.0,24.14,no,0,no,spring,91.8,0.0,0.1,10.748872221034661,8.823788990938434
79371,Pharma,173,Brazil,USA,sea,5500.0,5,60,68,0.0,29.01,no,0,no,summer,91.1,0.0,0.1,4.28523787426164,8.823788990938434
34497,Clothing,209,USA,Japan,road,14449.0,6,60,70,15858.64,12.37,no,0,no,spring,91.3,1.0975596927122984,0.1,6.758092771920988,16.926536614561726
43009,Clothing,863,USA,USA,sea,6909.0,4,60,66,0.0,13.87,no,0,no,autumn,99.7,0.0,0.1,8.831699082701977,8.823788990938434
91598,Electronics,918,Japan,UK,road,8148.0,6,60,70,8402.56,32.7,yes,3,no,winter,91.0,1.0312420225822287,0.1,10.016683565958857,16.926536614561726
75439,Clothing,928,France,France,sea,529.0,8,27,36,0.0,5.47,no,0,no,winter,97.6,0.0,0.1,8.613679511329494,8.823788990938434
29720,Pharma,791,UK,France,rail,11491.0,5,60,67,11815.45,32.72,no,0,no,spring,98.9,1.0282351405447743,0.1,9.81154841761736,15.19981997143669
38607,Machinery,467,Japan,France,sea,122.0,6,6,14,0.0,5.25,no,0,no,winter,92.4,0.0,0.1,6.246943513855808,8.823788990938434
77127,Clothing,490,Brazil,UK,road,2239.0,2,27,30,1887.02,14.95,no,0,no,summer,95.1,0.842795891022778,0.1,10.371874969583697,16.926536614561726
97088,Food,888,India,Brazil,road,10383.0,3,60,66,9627.4,19.99,yes,14,no,autumn,93.9,0.9272271983049215,0.1,6.365655083558948,16.926536614561726
24627,Clothing,138,Brazil,Japan,rail,9012.0,3,60,66,9890.34,29.32,no,0,no,spring,96.9,1.0974633821571238,0.1,6.003080315452301,15.19981997143669
61815,Machinery,149,UK,India,sea,14896.0,4,60,68,0.0,21.95,yes,7,no,winter,98.0,0.0,0.1,9.682937894799743,8.823788990938434
69756,Clothing,595,Japan,Brazil,sea,10673.0,3,60,67,0.0,9.81,no,0,no,autumn,98.7,0.0,0.1,9.716468519222314,8.823788990938434
11931,Machinery,472,USA,UK,sea,4229.0,2,60,63,0.0,16.1,no,0,no,autumn,93.2,0.0,0.1,6.074087246046442,8.823788990938434
16161,Machinery,565,China,India,sea,6055.0,4,60,68,0.0,7.68,no,0,no,autumn,,0.0,0.1,9.416059465301947,8.823788990938434
47440,Machinery,329,Brazil,China,sea,6235.0,5,60,67,0.0,6.95,no,0,no,summer,96.8,0.0,0.1,6.862433176887307,8.823788990938434
34606,Electronics,696,Japan,Brazil,road,4396.0,3,55,62,4987.43,19.73,no,0,no,autumn,91.5,1.1345382165605096,0.1,10.862609327536047,16.926536614561726
14107,Pharma,499,Japan,Brazil,sea,339.0,8,18,28,0.0,8.03,no,0,no,winter,98.6,0.0,0.1,11.790783757504082,8.823788990938434
90651,Food,721,Japan,USA,road,14169.0,6,60,70,16855.49,22.12,no,0,no,spring,95.7,1.1896033594466795,0.1,6.229045152894364,16.926536614561726
98435,Food,960,USA,China,road,4704.0,3,59,64,5037.0,29.12,no,0,no,summer,97.7,1.0707908163265305,0.1,8.523248740141502,16.926536614561726
17503,Clothing,643,India,UK,sea,4503.0,7,60,68,0.0,19.88,no,0,no,spring,92.6,0.0,0.1,8.37080373380593,8.823788990938434
63486,Electronics,538,UK,India,air,1648.0,4,4,12,9359.71,4.88,no,0,no,spring,99.0,5.67943567961165,0.1,5.267831970516155,8.817670958148845
33076,Clothing,545,Japan,China,air,8046.0,4,16,23,34865.63,2.39,no,0,no,summer,91.9,4.333287347750435,0.1,7.588577896653295,8.817670958148845
79809,Clothing,613,France,Germany,sea,1848.0,3,60,64,0.0,10.54,yes,3,no,autumn,95.6,0.0,0.1,10.608185859995611,8.823788990938434
90791,Pharma,220,Japan,UK,sea,7039.0,7,60,69,0.0,23.69,yes,5,no,spring,94.7,0.0,0.1,10.248783528146408,8.823788990938434
93365,Electronics,645,USA,India,sea,11211.0,3,60,64,0.0,27.33,no,0,no,autumn,98.8,0.0,0.1,7.9417635581423305,8.823788990938434
18293,Pharma,712,UK,India,sea,6794.0,4,60,67,0.0,18.53,no,0,no,autumn,94.1,0.0,0.1,5.31055482528739,8.823788990938434
43850,Electronics,668,Brazil,USA,sea,8343.0,4,60,67,0.0,16.44,no,0,no,summer,91.1,0.0,0.1,8.375286265707873,8.823788990938434
35068,Machinery,873,Japan,France,air,13386.0,3,25,30,74767.37,7.36,no,0,no,winter,90.6,5.585490064246227,0.1,10.310382310638849,8.817670958148845
61393,Machinery,936,UK,UK,road,12739.0,4,60,68,14147.52,24.55,no,0,no,summer,97.5,1.1105675484731925,0.1,10.1185668182419,16.926536614561726
27382,Machinery,996,USA,China,road,10816.0,7,60,71,11566.79,9.27,no,0,no,summer,98.7,1.0694147559171598,0.1,6.541885144764428,16.926536614561726
85414,Machinery,815,Germany,France,road,2077.0,7,25,36,2248.48,6.87,no,0,no,summer,97.7,1.0825613866153105,0.1,5.670107311838955,16.926536614561726
13798,Machinery,615,China,Japan,sea,5593.0,3,60,65,0.0,16.14,no,0,no,summer,94.5,0.0,0.1,11.983653462662673,8.823788990938434
1729,Machinery,884,India,Japan,sea,2761.0,4,60,68,0.0,26.23,no,0,no,spring,98.6,0.0,0.1,6.620832211487732,8.823788990938434
66101,Electronics,521,Brazil,Brazil,road,3899.0,4,49,56,3801.69,19.31,yes,1,no,autumn,90.5,0.9750423185432162,0.1,9.377457203634131,16.926536614561726
7678,Pharma,652,France,Brazil,sea,3840.0,6,60,68,0.0,17.53,no,0,no,winter,91.7,0.0,0.1,4.67144003098343,8.823788990938434
73315,Clothing,31,Japan,Germany,road,7789.0,4,60,66,7497.56,12.17,no,0,no,spring,90.1,0.9625831300552061,0.1,8.410741586589683,16.926536614561726
69696,Clothing,763,India,Germany,sea,3134.0,6,60,70,0.0,25.18,no,0,yes,autumn,50.1,0.0,0.1,10.828765018444795,8.823788990938434
5439,Clothing,127,USA,India,sea,8468.0,4,60,66,0.0,23.99,yes,2,no,autumn,91.7,0.0,0.1,7.278872759046523,8.823788990938434
73381,Electronics,982,Brazil,Japan,sea,8762.0,3,60,67,0.0,31.5,no,0,no,autumn,98.7,0.0,0.1,9.034709458364988,8.823788990938434
34591,Machinery,840,UK,UK,air,10016.0,2,19,24,58209.92,6.89,no,0,no,winter,96.6,5.811693290734824,0.1,9.658673313301819,8.817670958148845
8453,Clothing,584,China,UK,sea,4928.0,1,60,63,0.0,31.36,no,0,no,winter,97.9,0.0,0.1,8.954691308873532,8.823788990938434
6235,Pharma,819,France,Japan,sea,6643.0,5,60,67,0.0,7.55,no,0,no,spring,92.9,0.0,0.1,10.66492876137549,8.823788990938434
56580,Electronics,254,UK,India,rail,11892.0,6,60,67,11978.38,18.65,no,0,no,spring,92.2,1.0072637066935755,0.1,10.512373096159704,15.19981997143669
44069,Machinery,741,UK,China,sea,10115.0,3,60,64,0.0,29.23,no,0,no,spring,95.6,0.0,0.1,11.590387459691893,8.823788990938434
73662,Clothing,563,Brazil,Japan,road,3644.0,3,44,51,3451.96,17.91,no,0,no,autumn,97.2,0.9472996706915477,0.1,9.014471250647638,16.926536614561726
18242,Pharma,260,Japan,UK,sea,9935.0,1,60,62,0.0,28.39,no,0,no,winter,99.7,0.0,0.1,11.283388428485381,8.823788990938434
72560,Clothing,712,Germany,Germany,air,8074.0,5,14,20,45909.67,6.14,no,0,no,spring,92.1,5.686112212038642,0.1,8.773651267112793,8.817670958148845
11373,Electronics,446,USA,Germany,rail,8125.0,5,60,67,7954.94,26.82,no,0,no,spring,95.0,0.9790695384615384,0.1,7.897615986403301,15.19981997143669
53068,Food,20,France,USA,sea,136.0,4,8,14,0.0,4.3,no,0,no,spring,95.6,0.0,0.1,4.9122180952470424,8.823788990938434
54397,Pharma,412,USA,USA,sea,2529.0,9,60,72,0.0,26.84,no,0,no,summer,97.1,0.0,0.1,8.64848995436479,8.823788990938434
60744,Machinery,755,India,USA,sea,3338.0,3,60,64,0.0,10.01,yes,14,no,winter,92.9,0.0,0.1,9.568309151645794,8.823788990938434
4233,Machinery,724,Germany,China,air,8924.0,4,19,25,47202.41,5.01,no,0,no,winter,96.7,5.289378081577768,0.1,9.39975631766295,8.817670958148845
66150,Electronics,650,Japan,China,sea,3673.0,4,60,67,0.0,28.94,no,0,no,summer,93.8,0.0,0.1,8.050918865030443,8.823788990938434
227,Clothing,262,China,UK,sea,7999.0,6,60,70,0.0,10.7,no,0,no,autumn,95.3,0.0,0.1,11.417021127985459,8.823788990938434
38051,Pharma,537,Brazil,France,road,12056.0,9,60,71,12181.64,11.23,no,0,no,spring,98.4,1.0104213669542137,0.1,6.01752976407814,16.926536614561726
75831,Food,725,India,Brazil,sea,1920.0,4,60,67,0.0,11.22,no,0,no,autumn,92.3,0.0,0.1,6.144256235919433,8.823788990938434
11713,Food,975,USA,France,road,14533.0,4,60,66,16821.49,8.63,no,0,no,winter,92.7,1.1574685199201817,0.1,6.145640033968534,16.926536614561726
89799,Machinery,583,USA,USA,sea,656.0,5,31,38,,17.21,yes,6,no,summer,94.6,0.0,0.1,7.0740291038606316,8.823788990938434
84722,Machinery,711,India,Brazil,sea,2103.0,4,60,68,0.0,30.83,no,0,no,spring,95.8,0.0,0.1,6.963289717832397,8.823788990938434
11651,Pharma,566,USA,USA,rail,12411.0,5,60,68,12700.77,26.09,no,0,no,winter,92.4,1.0233478365965676,0.1,5.174016107989727,15.19981997143669
63793,Pharma,360,India,Germany,sea,8285.0,3,60,64,0.0,10.61,yes,8,no,summer,90.3,0.0,0.1,6.07632250044017,8.823788990938434
18332,Pharma,893,UK,Germany,air,9021.0,5,18,26,45559.05,10.17,no,0,no,spring,99.8,5.050332557366146,0.1,6.12880261919844,8.817670958148845
59465,Electronics,24,USA,Germany,sea,12127.0,6,60,70,0.0,29.62,no,0,no,autumn,90.9,0.0,0.1,10.871731158111444,8.823788990938434
31839,Machinery,735,USA,Brazil,sea,12946.0,5,60,69,0.0,26.32,no,0,no,summer,90.5,0.0,0.1,10.724591341720132,8.823788990938434
35888,Food,200,India,USA,road,10982.0,3,60,64,8835.86,27.6,no,0,no,winter,92.6,0.8045765798579494,0.1,10.801992762614418,16.926536614561726
70558,Machinery,31,Japan,China,air,876.0,4,2,7,5200.98,2.97,no,0,no,spring,91.6,5.937191780821918,0.1,10.997106016476248,8.817670958148845
68842,Food,530,UK,Brazil,rail,5901.0,1,60,62,5529.42,7.75,yes,10,no,spring,92.2,0.9370310116929335,0.1,7.691355290262452,15.19981997143669
44300,Electronics,120,Brazil,Brazil,rail,13698.0,4,60,66,15495.29,13.05,no,0,yes,spring,65.8,1.1312082055774566,0.1,7.394494433419931,15.19981997143669
39432,Machinery,143,Germany,UK,road,10553.0,4,60,65,12353.06,17.33,no,0,no,summer,99.0,1.1705732966928835,0.1,10.496604016620097,16.926536614561726
71758,Clothing,621,France,Germany,rail,3871.0,4,60,67,4458.14,18.31,no,0,no,summer,94.0,1.151676569361922,0.1,5.125652002059033,15.19981997143669
51267,Machinery,21,UK,UK,sea,14982.0,2,60,66,0.0,15.29,no,0,no,autumn,98.0,0.0,0.1,10.82174643143361,8.823788990938434
49809,Clothing,189,China,China,road,11409.0,4,60,67,11068.43,8.38,no,0,no,spring,96.3,0.9701490051713559,0.1,5.577443276718247,16.926536614561726
86689,Food,601,Japan,Brazil,road,11976.0,6,60,68,11647.64,29.78,yes,14,no,winter,99.3,0.9725818303273213,0.1,4.597043239268965,16.926536614561726
61005,Pharma,698,Japan,USA,road,13321.0,4,60,66,13872.82,26.9,yes,2,no,summer,92.9,1.04142481795661,0.1,8.481553292356642,16.926536614561726
60771,Machinery,900,China,Japan,sea,11609.0,8,60,72,0.0,18.44,no,0,no,autumn,95.9,0.0,0.1,5.391150951834777,8.823788990938434
88,Electronics,229,UK,Japan,rail,2037.0,2,34,37,2399.95,12.48,no,0,no,autumn,95.8,1.1781786941580754,0.1,11.894064322243274,15.19981997143669
77204,Electronics,904,UK,UK,air,11787.0,3,25,30,50353.46,11.73,no,0,no,summer,94.0,4.271948757105285,0.1,8.285856568903068,8.817670958148845
51988,Clothing,233,India,China,sea,11775.0,5,60,69,0.0,8.56,no,0,no,summer,97.9,0.0,0.1,4.636474328050126,8.823788990938434
82150,Electronics,829,Japan,UK,road,7387.0,5,60,69,6686.86,20.27,no,0,no,spring,90.1,0.9052199810477866,0.1,4.349252249702412,16.926536614561726
43734,Electronics,570,China,UK,sea,14205.0,3,60,64,0.0,20.69,no,0,no,autumn,93.8,0.0,0.1,10.617554849838154,8.823788990938434
95182,Clothing,981,China,India,road,10782.0,1,60,63,10831.56,23.57,no,0,no,summer,99.0,1.004596549805231,0.1,7.610836697760244,16.926536614561726
88477,Electronics,894,Germany,UK,sea,1460.0,2,60,63,0.0,7.74,no,0,no,summer,94.4,0.0,0.1,9.232679159635046,8.823788990938434
62006,Pharma,812,Japan,India,air,6689.0,2,14,19,28195.09,4.0,no,0,no,spring,95.2,4.215142771714755,0.1,11.409741964619595,8.817670958148845
30884,Electronics,139,Germany,USA,rail,13277.0,4,60,65,14923.82,15.8,no,0,no,summer,96.5,1.1240355501995933,0.1,4.799238030994121,15.19981997143669
50767,Clothing,67,India,Japan,sea,5331.0,5,60,68,0.0,10.57,no,0,no,winter,95.9,0.0,0.1,10.204429540767203,8.823788990938434
74956,Clothing,991,India,Japan,air,5930.0,5,10,17,27556.19,4.51,no,0,no,spring,94.6,4.646912310286678,0.1,11.508444872195803,8.817670958148845
12751,Food,314,USA,USA,sea,12680.0,6,60,67,0.0,32.96,no,0,no,winter,94.6,0.0,0.1,8.866633353411522,8.823788990938434
36507,Electronics,66,Germany,Brazil,sea,10732.0,5,60,67,0.0,8.6,no,0,no,summer,95.7,0.0,0.1,8.31310379105295,8.823788990938434
9938,Food,56,Brazil,France,sea,9373.0,3,60,67,0.0,14.4,no,0,no,summer,97.1,0.0,0.1,10.592437244483655,8.823788990938434
18374,Pharma,935,Brazil,Japan,road,6655.0,4,60,67,5502.74,26.81,yes,6,no,autumn,97.4,0.8268580015026296,0.1,7.6112913234320825,16.926536614561726
92221,Electronics,284,UK,Japan,sea,11974.0,2,60,66,0.0,12.38,no,0,no,spring,94.1,0.0,0.1,10.905201205234427,8.823788990938434
90730,Pharma,589,UK,Germany,road,7385.0,4,60,65,8701.36,15.82,no,0,no,autumn,90.2,1.1782477995937712,0.1,4.2508235487517805,16.926536614561726
12397,Machinery,807,China,France,road,1477.0,4,19,27,1552.56,12.99,yes,7,no,winter,91.1,1.051157752200406,0.1,5.41850037972113,16.926536614561726
94922,Food,510,Brazil,Japan,road,9635.0,6,60,68,11483.0,9.44,no,0,no,winter,96.1,1.1918007265179036,0.1,5.54078044751143,16.926536614561726
33802,Pharma,959,USA,UK,road,6859.0,3,60,64,5946.27,9.59,no,0,no,summer,91.5,0.8669295815716578,0.1,10.79253940105729,16.926536614561726
1231,Food,959,Germany,France,rail,5663.0,9,60,73,5186.45,10.74,no,0,no,spring,91.5,0.9158484901995408,0.1,10.799001769785658,15.19981997143669
20335,Clothing,231,Japan,Germany,rail,14978.0,4,60,66,12550.99,11.91,yes,14,no,autumn,99.3,0.8379616771264521,0.1,11.120918642273939,15.19981997143669
78044,Pharma,455,China,USA,sea,9292.0,5,60,67,0.0,12.66,no,0,no,spring,95.3,0.0,0.1,9.843810339333528,8.823788990938434
40351,Electronics,544,Brazil,Brazil,sea,5359.0,3,60,67,0.0,21.04,no,0,no,autumn,93.1,0.0,0.1,11.433511511546618,8.823788990938434
50863,Machinery,972,UK,India,air,13064.0,3,28,33,57082.9,15.72,no,0,no,spring,98.1,4.369481016533987,0.1,5.735723455290963,8.817670958148845
65410,Machinery,179,Japan,France,rail,14331.0,4,60,65,15605.45,16.64,no,0,no,autumn,99.8,1.088929593189589,0.1,5.107458916572674,15.19981997143669
98466,Food,915,China,USA,road,13418.0,3,60,67,11404.87,14.44,no,0,no,winter,92.6,0.8499679534953049,0.1,7.322561793245939,16.926536614561726
83943,Electronics,701,UK,China,sea,750.0,5,38,46,0.0,20.12,no,0,yes,spring,84.1,0.0,0.1,7.813149970853866,8.823788990938434
35641,Food,51,France,India,sea,11813.0,5,60,66,0.0,10.03,no,0,no,spring,94.4,0.0,0.1,9.398152235164202,8.823788990938434
76610,Electronics,996,Brazil,Germany,sea,13379.0,3,60,67,0.0,17.03,no,0,no,winter,95.6,0.0,0.1,8.67018297460146,8.823788990938434
1046,Food,255,India,Brazil,sea,7930.0,6,60,69,0.0,19.02,yes,6,yes,autumn,73.6,0.0,0.1,9.88949103423268,8.823788990938434
97796,Electronics,821,India,Brazil,air,7901.0,5,16,24,38651.33,4.57,yes,6,no,winter,95.7,4.891954183014809,0.1,10.435658529529626,8.817670958148845
5938,Machinery,982,Germany,China,road,7188.0,2,60,64,7782.74,30.19,no,0,no,winter,96.7,1.0827406789092933,0.1,11.025483805158636,16.926536614561726
57688,Pharma,311,Brazil,Germany,sea,450.0,6,21,28,0.0,7.44,no,0,no,autumn,93.9,0.0,0.1,10.534802817607325,8.823788990938434
7896,Electronics,664,Brazil,Germany,sea,467.0,3,22,26,0.0,4.47,no,0,no,autumn,97.5,0.0,0.1,8.532078383611863,8.823788990938434
87485,Clothing,502,UK,Japan,air,7722.0,5,15,24,39996.73,2.99,yes,1,no,spring,92.2,5.179581714581715,0.1,8.55373332130948,8.817670958148845
17571,Pharma,23,France,China,air,11338.0,3,21,25,56875.76,10.39,no,0,no,winter,91.4,5.016383841947434,0.1,11.171178564611115,8.817670958148845
53065,Machinery,322,China,USA,air,14204.0,5,27,36,66960.3,4.39,no,0,no,winter,99.4,4.714186144747958,0.1,11.814778174864752,8.817670958148845
11142,Electronics,237,Japan,USA,sea,5423.0,5,60,68,0.0,30.51,no,0,no,spring,,0.0,0.1,5.755996971349288,8.823788990938434
96937,Pharma,794,Germany,Brazil,rail,12055.0,3,60,65,12776.23,18.68,no,0,no,winter,92.6,1.0598282870178348,0.1,5.24096381091087,15.19981997143669
50491,Pharma,460,Germany,UK,sea,8458.0,6,60,67,0.0,13.58,no,0,no,spring,,0.0,0.1,5.120741026606346,8.823788990938434
33223,Machinery,5,Germany,USA,air,12145.0,10,24,37,69425.02,3.95,no,0,yes,spring,63.5,5.716345821325649,0.1,9.665349795786426,8.817670958148845
82507,Clothing,663,UK,China,sea,9913.0,3,60,65,0.0,29.74,no,0,no,winter,97.8,0.0,0.1,9.028927218816051,8.823788990938434
36297,Electronics,676,UK,Germany,sea,12259.0,5,60,68,0.0,14.76,no,0,no,summer,92.3,0.0,0.1,9.966963622825816,8.823788990938434
67925,Pharma,724,France,China,sea,11993.0,3,60,67,0.0,15.71,no,0,yes,autumn,51.1,0.0,0.1,6.770859040972095,8.823788990938434
94405,Clothing,112,India,France,air,6094.0,2,12,17,35444.86,3.52,no,0,no,summer,98.1,5.816353790613719,0.1,7.957397877425625,8.817670958148845
84993,Food,793,Germany,India,sea,12136.0,2,60,63,0.0,14.71,no,0,no,autumn,99.5,0.0,0.1,11.20150503413705,8.823788990938434
62123,Electronics,878,UK,Japan,sea,11484.0,3,60,67,0.0,26.51,yes,2,no,winter,91.0,0.0,0.1,4.089967446572113,8.823788990938434
65744,Pharma,748,France,China,rail,14270.0,2,60,66,16514.61,13.36,no,0,no,summer,97.8,1.1572957252978278,0.1,5.364832098629188,15.19981997143669
40247,Food,970,Japan,UK,road,1298.0,2,15,19,,5.69,no,0,no,summer,94.1,1.1321032357473035,0.1,9.368178866576379,16.926536614561726
16362,Pharma,25,Japan,China,road,1505.0,5,18,27,1767.63,6.62,no,0,no,summer,91.8,1.1745049833887045,0.1,11.599557547319204,16.926536614561726
55939,Pharma,722,Brazil,India,air,8330.0,2,16,22,45257.2,8.23,no,0,no,spring,93.1,5.433037214885954,0.1,9.132931930042222,8.817670958148845
28675,Electronics,605,India,USA,rail,9631.0,2,60,63,9597.39,11.93,no,0,no,spring,96.5,0.9965102273907174,0.1,4.151997673468165,15.19981997143669
23958,Pharma,512,China,Germany,air,7487.0,4,17,23,35789.64,4.18,no,0,no,autumn,100.0,4.780237745425404,0.1,10.511074962774124,8.817670958148845
7859,Food,978,UK,USA,sea,8421.0,2,60,64,0.0,6.97,yes,3,no,winter,91.8,0.0,0.1,10.435831575546672,8.823788990938434
94213,Electronics,392,Brazil,UK,sea,9371.0,6,60,68,0.0,29.61,no,0,no,summer,95.3,0.0,0.1,10.715658557504728,8.823788990938434
63352,Pharma,824,USA,India,sea,8386.0,7,60,69,0.0,15.74,no,0,no,summer,93.2,0.0,0.1,10.763391096801607,8.823788990938434
50199,Pharma,254,USA,Japan,air,14244.0,1,28,33,64603.24,10.6,no,0,no,spring,94.2,4.535470373490592,0.1,8.91955755058721,8.817670958148845
55239,Electronics,225,Germany,Brazil,sea,4791.0,4,60,68,0.0,15.76,no,0,no,summer,98.5,0.0,0.1,5.433214121779812,8.823788990938434
98341,Pharma,633,USA,India,air,6557.0,4,13,18,38240.01,7.04,no,0,no,spring,97.1,5.831936861369529,0.1,6.588062089361225,8.817670958148845
13706,Pharma,543,Brazil,Brazil,sea,3395.0,6,60,69,0.0,18.36,yes,11,no,summer,98.1,0.0,0.1,10.448429062110122,8.823788990938434
13580,Electronics,26,Japan,India,road,2260.0,4,27,32,2238.54,8.79,no,0,yes,summer,77.6,0.990504424778761,0.1,5.524359701255586,16.926536614561726
34571,Clothing,358,USA,India,sea,8836.0,5,60,69,0.0,9.89,no,0,no,spring,97.0,0.0,0.1,7.4563620505431825,8.823788990938434
93622,Clothing,172,India,Japan,sea,12782.0,3,60,64,0.0,25.1,no,0,no,autumn,93.8,0.0,0.1,9.51435680974394,8.823788990938434
2105,Clothing,374,Japan,France,sea,2934.0,2,60,65,0.0,6.72,no,0,yes,autumn,78.3,0.0,0.1,4.957853117429122,8.823788990938434
74361,Electronics,775,UK,UK,sea,9884.0,6,60,70,0.0,13.43,no,0,no,summer,92.0,0.0,0.1,10.70986020292203,8.823788990938434
85889,Electronics,819,China,India,air,4477.0,2,7,11,24465.9,1.38,no,0,no,autumn,96.3,5.464797855706947,0.1,4.291251987806336,8.817670958148845
99907,Machinery,939,India,India,sea,9225.0,5,60,66,0.0,25.89,no,0,no,spring,95.9,0.0,0.1,9.877753022741274,8.823788990938434
56430,Food,182,Germany,China,sea,1208.0,3,60,65,0.0,28.53,no,0,no,autumn,97.1,0.0,0.1,5.081503621998993,8.823788990938434
86503,Machinery,897,France,China,sea,9995.0,9,60,70,0.0,17.64,no,0,no,summer,92.3,0.0,0.1,11.18787771135805,8.823788990938434
12470,Machinery,42,USA,USA,sea,10367.0,7,60,71,0.0,14.9,no,0,no,spring,93.1,0.0,0.1,7.725327750011466,8.823788990938434
14779,Machinery,284,Brazil,USA,road,13683.0,5,60,66,14086.38,21.25,no,0,no,summer,97.0,1.0294803771102827,0.1,9.986324985908372,16.926536614561726
27544,Food,48,China,China,sea,9498.0,4,60,66,0.0,16.56,no,0,no,autumn,93.4,0.0,0.1,11.528683497155495,8.823788990938434
97977,Machinery,34,France,China,air,124.0,6,1,10,714.01,1.04,no,0,yes,spring,74.3,5.758145161290322,0.1,4.512528855467888,8.817670958148845
46123,Pharma,298,Brazil,Brazil,road,13155.0,5,60,66,14709.78,16.54,no,0,no,spring,90.5,1.1181892816419612,0.1,10.706423845488414,16.926536614561726
49369,Clothing,169,USA,France,sea,10233.0,6,60,67,0.0,16.14,yes,3,no,spring,97.0,0.0,0.1,7.816437784973463,8.823788990938434
1333,Machinery,949,Brazil,India,road,6416.0,3,60,66,7353.46,9.62,no,0,no,autumn,92.1,1.146112842892768,0.1,10.646166683685731,16.926536614561726
2361,Clothing,217,China,UK,sea,6010.0,4,60,65,0.0,28.79,no,0,no,autumn,93.1,0.0,0.1,10.94918611748219,8.823788990938434
82418,Clothing,342,China,Brazil,road,9066.0,3,60,65,8820.53,20.81,yes,13,no,winter,98.1,0.9729241120670639,0.1,7.139783694315264,16.926536614561726
45149,Machinery,179,UK,France,air,150.0,5,1,8,793.78,3.84,no,0,no,autumn,92.6,5.2918666666666665,0.1,5.917054975753767,8.817670958148845
7842,Food,728,Japan,France,sea,579.0,6,29,39,0.0,13.16,no,0,no,autumn,95.8,0.0,0.1,5.597449076666987,8.823788990938434
86291,Machinery,493,France,UK,sea,5457.0,4,60,65,0.0,28.56,no,0,no,autumn,97.0,0.0,0.1,11.994026452045539,8.823788990938434
36035,Machinery,900,China,Germany,road,590.0,3,7,12,609.94,1.75,yes,11,no,spring,99.9,1.0337966101694915,0.1,6.32755807563805,16.926536614561726
18146,Pharma,78,China,France,sea,13211.0,6,60,67,0.0,8.16,no,0,no,winter,96.2,0.0,0.1,4.210193433188425,8.823788990938434
70746,Pharma,819,Japan,Germany,air,11623.0,5,24,33,66096.17,16.35,no,0,no,winter,91.0,5.686670394906651,0.1,8.256851029122844,8.817670958148845
78804,Electronics,489,Japan,India,air,2859.0,4,6,11,14627.96,4.63,no,0,no,winter,94.1,5.1164603008044764,0.1,11.637010934808345,8.817670958148845
94236,Machinery,661,China,France,road,610.0,4,7,15,662.63,6.72,no,0,no,autumn,91.1,1.08627868852459,0.1,7.279476792685768,16.926536614561726
52491,Pharma,605,Brazil,France,sea,8969.0,4,60,68,0.0,26.82,no,0,no,winter,98.2,0.0,0.1,7.611446713718533,8.823788990938434
88895,Pharma,40,Germany,USA,sea,1676.0,5,60,68,,8.53,yes,7,no,autumn,99.6,0.0,0.1,4.170354656067683,8.823788990938434
59269,Electronics,672,USA,France,sea,14085.0,2,60,66,0.0,32.37,yes,10,no,autumn,92.8,0.0,0.1,9.773571172650753,8.823788990938434
19663,Machinery,874,China,Germany,sea,8841.0,1,60,65,0.0,8.37,no,0,no,summer,99.5,0.0,0.1,10.179134785147493,8.823788990938434
49826,Food,73,Brazil,India,sea,11710.0,6,60,70,0.0,15.6,yes,5,no,autumn,99.9,0.0,0.1,5.053603446240607,8.823788990938434
1323,Pharma,532,Germany,USA,sea,703.0,3,37,42,0.0,15.28,no,0,no,winter,92.2,0.0,0.1,8.8857759381869,8.823788990938434
37624,Machinery,340,USA,Brazil,rail,9695.0,2,60,65,9323.21,20.11,no,0,no,summer,96.7,0.9616513666838575,0.1,5.519716285305952,15.19981997143669
20087,Machinery,485,India,China,road,1790.0,5,23,30,2018.08,14.83,yes,14,no,winter,97.2,1.1274189944134079,0.1,4.918706584277441,16.926536614561726
88366,Electronics,927,India,China,air,13070.0,3,25,29,66825.19,10.38,yes,13,no,autumn,95.6,5.112868400918133,0.1,4.055242955830371,8.817670958148845
92896,Electronics,833,Germany,China,sea,2342.0,2,60,64,0.0,26.78,no,0,no,summer,98.8,0.0,0.1,11.45944813188543,8.823788990938434
69588,Machinery,985,India,China,sea,2062.0,5,60,67,0.0,18.66,no,0,no,autumn,94.0,0.0,0.1,4.149307482538093,8.823788990938434
26587,Clothing,828,China,China,sea,10060.0,8,60,71,0.0,15.3,no,0,no,summer,94.0,0.0,0.1,11.218742137204458,8.823788990938434
39879,Machinery,724,France,Brazil,sea,3633.0,1,60,64,0.0,13.22,yes,6,no,spring,96.6,0.0,0.1,9.312571898578579,8.823788990938434
75299,Clothing,368,France,France,sea,4856.0,4,60,67,0.0,18.09,no,0,no,summer,94.5,0.0,0.1,10.466254175765151,8.823788990938434
53979,Food,830,Brazil,China,sea,10681.0,3,60,65,0.0,10.23,no,0,no,winter,96.0,0.0,0.1,10.659180674970074,8.823788990938434
49674,Electronics,12,India,Japan,sea,12223.0,6,60,67,0.0,21.67,yes,9,no,summer,99.3,0.0,0.1,9.147054441331287,8.823788990938434
75962,Electronics,901,France,Brazil,air,1638.0,5,3,11,8758.83,4.6,yes,8,no,summer,97.3,5.347271062271062,0.1,6.218924242262496,8.817670958148845
25356,Food,730,China,UK,sea,2945.0,3,60,66,0.0,29.82,no,0,no,spring,94.1,0.0,0.1,10.606601857450489,8.823788990938434
27734,Machinery,945,UK,France,sea,4043.0,1,60,63,0.0,25.52,yes,6,no,spring,90.0,0.0,0.1,8.717497057412661,8.823788990938434
18006,Food,183,China,UK,sea,8014.0,6,60,69,0.0,12.16,no,0,no,summer,90.4,0.0,0.1,5.32029133970193,8.823788990938434
22673,Electronics,21,USA,France,sea,4827.0,2,60,65,0.0,20.28,no,0,no,autumn,91.1,0.0,0.1,8.999607621040962,8.823788990938434
50381,Clothing,455,USA,UK,sea,14741.0,3,60,67,0.0,11.49,yes,4,no,summer,91.0,0.0,0.1,7.554964507180064,8.823788990938434
59039,Electronics,385,USA,UK,sea,3480.0,5,60,69,0.0,29.2,no,0,no,winter,92.4,0.0,0.1,6.537423226139291,8.823788990938434
43445,Clothing,225,India,USA,sea,6228.0,2,60,66,0.0,31.8,no,0,no,summer,95.2,0.0,0.1,8.087132865699964,8.823788990938434
2281,Pharma,661,Brazil,Japan,road,9614.0,5,60,67,10509.28,25.46,no,0,no,autumn,97.9,1.0931225296442688,0.1,10.576059049375644,16.926536614561726
77965,Clothing,621,USA,Brazil,air,12114.0,4,24,32,65800.48,15.24,yes,13,no,winter,96.5,5.431771504044907,0.1,5.67734327093219,8.817670958148845
96126,Electronics,262,China,Brazil,road,10768.0,5,60,67,9046.07,22.06,no,0,no,summer,96.2,0.8400882243684993,0.1,5.514173968473614,16.926536614561726
77648,Machinery,701,Germany,China,sea,11982.0,7,60,68,0.0,9.15,no,0,no,winter,93.0,0.0,0.1,4.080792274492403,8.823788990938434
31432,Pharma,503,Brazil,USA,sea,1026.0,5,52,58,0.0,16.32,no,0,no,spring,90.8,0.0,0.1,4.307923266327684,8.823788990938434
31923,Clothing,55,USA,China,road,1164.0,6,15,24,1256.31,5.96,no,0,no,autumn,90.7,1.07930412371134,0.1,10.219200485879433,16.926536614561726
15809,Clothing,8,Germany,China,air,12049.0,3,23,27,53584.49,12.21,no,0,no,spring,95.5,4.447214706614656,0.1,5.883574810428383,8.817670958148845
85542,Food,912,Brazil,UK,sea,6646.0,3,60,67,0.0,32.8,no,0,no,autumn,94.6,0.0,0.1,8.291064313154891,8.823788990938434
15496,Machinery,198,Brazil,Brazil,sea,11502.0,4,60,68,0.0,32.21,no,0,yes,winter,62.5,0.0,0.1,4.507854047401243,8.823788990938434
77432,Food,488,Japan,China,air,1169.0,2,2,7,5661.45,1.97,no,0,no,winter,94.1,4.842985457656116,0.1,4.316453516404002,8.817670958148845
57937,Clothing,925,USA,UK,sea,14242.0,5,60,69,0.0,11.15,no,0,no,summer,95.5,0.0,0.1,10.586516859518841,8.823788990938434
18950,Electronics,630,USA,Japan,rail,6827.0,1,60,65,6632.32,21.85,no,0,no,winter,97.7,0.9714838142668815,0.1,9.054785514650913,15.19981997143669
22584,Machinery,690,China,USA,road,580.0,3,7,12,671.16,3.03,no,0,no,summer,94.0,1.1571724137931034,0.1,9.019275550332864,16.926536614561726
6749,Electronics,136,USA,Japan,sea,1758.0,9,60,70,0.0,7.63,no,0,no,spring,95.4,0.0,0.1,7.3139404053775205,8.823788990938434
80574,Pharma,593,Japan,USA,sea,10284.0,5,60,67,0.0,30.95,no,0,no,summer,96.3,0.0,0.1,8.588544405440091,8.823788990938434
53071,Food,828,China,France,sea,10024.0,9,60,73,0.0,19.22,no,0,no,winter,94.6,0.0,0.1,8.387744278418694,8.823788990938434
1403,Pharma,934,China,France,sea,3944.0,2,60,64,0.0,24.24,no,0,no,autumn,93.6,0.0,0.1,11.829990434290744,8.823788990938434
37782,Electronics,43,China,India,sea,9917.0,2,60,65,0.0,12.2,no,0,no,autumn,97.8,0.0,0.1,5.167922765048742,8.823788990938434
64680,Food,808,UK,Germany,air,9340.0,3,20,26,43156.06,6.12,no,0,no,spring,98.8,4.620563169164882,0.1,11.80860190440147,8.817670958148845
79961,Clothing,699,Japan,USA,sea,11612.0,5,60,66,0.0,6.62,no,0,no,autumn,94.3,0.0,0.1,7.0952643941453575,8.823788990938434
23788,Clothing,255,Brazil,UK,sea,10766.0,6,60,67,0.0,30.54,no,0,no,winter,94.9,0.0,0.1,11.233683009123867,8.823788990938434
30419,Clothing,400,Japan,China,sea,859.0,3,43,47,0.0,20.49,no,0,no,winter,91.4,0.0,0.1,8.132486430490893,8.823788990938434
59035,Food,402,USA,USA,sea,6813.0,5,60,67,0.0,31.18,no,0,no,spring,90.1,0.0,0.1,6.899921329732084,8.823788990938434
20331,Machinery,514,India,Brazil,air,14320.0,4,28,36,63122.13,5.25,no,0,no,spring,99.2,4.407969972067039,0.1,11.299417821536082,8.817670958148845
95653,Clothing,645,Japan,India,road,9741.0,2,60,64,11477.47,25.82,no,0,no,winter,97.0,1.178264038599733,0.1,5.540558180784356,16.926536614561726
884,Food,519,France,UK,air,7247.0,4,15,22,29816.03,8.52,no,0,no,autumn,92.1,4.114258313785014,0.1,10.820153141917686,8.817670958148845
41516,Machinery,422,UK,Brazil,air,1021.0,4,1,8,4595.56,1.92,no,0,yes,winter,67.3,4.50103819784525,0.1,5.194089313740766,8.817670958148845
14039,Food,289,Japan,Japan,sea,4815.0,5,60,67,0.0,8.08,no,0,no,spring,95.6,0.0,0.1,6.70469847706752,8.823788990938434
44970,Food,400,UK,India,sea,4485.0,3,60,64,0.0,17.41,no,0,no,winter,95.9,0.0,0.1,10.627572041999404,8.823788990938434
32866,Machinery,97,Germany,Japan,air,10514.0,2,19,25,45926.6,5.92,no,0,no,summer,93.3,4.368137721133726,0.1,7.151356300825323,8.817670958148845
79369,Food,343,Japan,China,sea,2083.0,4,60,68,0.0,7.28,no,0,no,summer,92.5,0.0,0.1,5.572597756339795,8.823788990938434
3254,Electronics,789,USA,China,air,10828.0,3,20,24,50598.28,3.87,no,0,no,winter,97.3,4.672910971555227,0.1,7.405895272258374,8.817670958148845
2938,Pharma,9,Brazil,China,sea,9659.0,4,60,68,0.0,22.22,no,0,no,autumn,95.0,0.0,0.1,4.797744970412285,8.823788990938434
36839,Machinery,162,Brazil,UK,air,11651.0,3,24,28,52649.29,11.56,no,0,yes,autumn,64.1,4.5188644751523475,0.1,5.237172616376494,8.817670958148845
25040,Machinery,161,China,USA,road,8105.0,3,60,66,8725.84,15.21,no,0,no,summer,94.5,1.0765996298581122,0.1,9.03273191003122,16.926536614561726
23395,Clothing,589,Germany,India,rail,4788.0,4,60,65,5359.91,27.11,no,0,no,summer,97.4,1.1194465329991645,0.1,11.162291526687168,15.19981997143669
81993,Clothing,255,Germany,France,sea,12644.0,4,60,66,0.0,22.21,no,0,no,summer,90.6,0.0,0.1,7.137581271707492,8.823788990938434
56294,Pharma,13,France,China,sea,9367.0,6,60,70,0.0,31.8,no,0,no,summer,92.7,0.0,0.1,10.513241933599737,8.823788990938434
1319,Food,739,USA,Brazil,air,12197.0,6,23,31,72005.1,15.3,no,0,no,spring,91.8,5.903509059604821,0.1,4.338053063187969,8.817670958148845
95285,Food,821,USA,USA,road,12862.0,4,60,65,14228.96,21.39,no,0,no,winter,94.7,1.1062789612812938,0.1,11.040808403847645,16.926536614561726
32593,Clothing,975,Germany,Japan,road,4576.0,7,57,67,5288.11,9.02,no,0,no,autumn,92.5,1.155618444055944,0.1,7.061846531979567,16.926536614561726
86254,Food,889,USA,USA,road,8382.0,6,60,70,9869.91,27.48,no,0,no,summer,96.3,1.1775125268432356,0.1,5.76314949467372,16.926536614561726
79995,Machinery,448,Germany,Japan,sea,8534.0,3,60,67,0.0,26.77,no,0,no,autumn,97.7,0.0,0.1,5.432093086612866,8.823788990938434
63781,Machinery,885,India,France,road,9854.0,6,60,67,10714.94,13.8,no,0,no,autumn,98.9,1.0873695961031054,0.1,7.91499220563737,16.926536614561726
37109,Food,837,USA,Japan,road,14737.0,6,60,69,13649.35,12.66,no,0,no,autumn,91.2,0.9261959693289,0.1,5.42246671876616,16.926536614561726
1350,Electronics,820,Japan,Brazil,air,5549.0,3,11,18,26710.51,2.87,no,0,no,winter,91.7,4.813571814741395,0.1,8.95192852569617,8.817670958148845
4791,Machinery,628,China,USA,road,8401.0,2,60,65,7093.88,12.73,no,0,no,spring,91.7,0.844408998928699,0.1,6.679286053333695,16.926536614561726
96595,Machinery,561,France,Germany,road,14645.0,3,60,67,17507.08,19.31,no,0,no,spring,94.7,1.1954305223625812,0.1,11.329927480319093,16.926536614561726
87445,Electronics,157,Brazil,UK,air,1224.0,4,1,8,5277.05,3.46,yes,13,no,winter,90.9,4.311315359477124,0.1,8.35324561703743,8.817670958148845
87608,Machinery,192,Japan,USA,sea,11606.0,3,60,64,0.0,27.06,yes,14,no,summer,98.3,0.0,0.1,9.5920917502952,8.823788990938434
84334,Electronics,52,Germany,Germany,sea,9968.0,5,60,68,0.0,12.49,no,0,no,spring,91.1,0.0,0.1,5.817777531477296,8.823788990938434
58135,Electronics,784,India,UK,air,162.0,2,1,7,668.86,2.85,no,0,no,summer,96.0,4.128765432098765,0.1,6.033365850352195,8.817670958148845
18635,Clothing,812,China,Japan,rail,4167.0,3,60,64,4289.56,18.32,no,0,no,autumn,93.9,1.0294120470362371,0.1,4.7219595155055,15.19981997143669
3394,Pharma,410,Brazil,Japan,road,13223.0,7,60,70,10579.2,25.64,no,0,no,spring,90.9,0.8000605006428194,0.1,11.394631280938018,16.926536614561726
72229,Clothing,310,USA,UK,sea,14593.0,4,60,65,0.0,22.6,yes,6,no,spring,91.3,0.0,0.1,5.345007787773266,8.823788990938434
37588,Clothing,673,China,Brazil,road,7699.0,4,60,68,8251.8,19.77,no,0,no,autumn,92.3,1.07180153266658,0.1,7.29002775176052,16.926536614561726
11447,Electronics,402,USA,Brazil,road,14969.0,5,60,66,17143.81,19.12,no,0,no,winter,98.7,1.145287594361681,0.1,6.954664763827993,16.926536614561726
92169,Food,970,Germany,France,air,10213.0,4,19,26,42639.18,2.94,no,0,no,autumn,99.7,4.174990698129834,0.1,6.661791797247686,8.817670958148845
33055,Electronics,442,Germany,China,sea,1733.0,5,60,68,0.0,13.58,no,0,no,autumn,95.7,0.0,0.1,11.71960867386318,8.823788990938434
93269,Food,103,USA,Japan,sea,4787.0,3,60,67,0.0,16.81,no,0,no,winter,94.9,0.0,0.1,4.1284998941798845,8.823788990938434
59809,Pharma,409,UK,Japan,air,14641.0,2,28,31,78496.15,10.39,no,0,no,spring,95.3,5.361392664435489,0.1,5.57715928432261,8.817670958148845
61578,Clothing,162,India,Germany,sea,14410.0,5,60,67,0.0,32.59,no,0,no,autumn,94.7,0.0,0.1,5.367006577858055,8.823788990938434
49661,Electronics,593,UK,India,rail,3719.0,3,60,66,3440.65,29.35,no,0,no,summer,91.8,0.9251546114546921,0.1,9.206889086801713,15.19981997143669
11061,Clothing,478,USA,France,road,14811.0,6,60,69,15252.77,23.53,no,0,no,spring,95.0,1.0298271554925393,0.1,9.329666377340313,16.926536614561726
1551,Pharma,228,UK,Japan,sea,5765.0,5,60,67,0.0,30.71,no,0,no,spring,92.9,0.0,0.1,9.73983556624281,8.823788990938434
80751,Machinery,330,Japan,China,air,4843.0,5,9,17,23547.24,5.87,no,0,no,summer,93.7,4.862118521577535,0.1,7.525222136600178,8.817670958148845
4511,Electronics,936,France,UK,road,8163.0,2,60,64,9679.5,27.05,no,0,no,winter,95.0,1.1857772877618522,0.1,11.027428560028186,16.926536614561726
26439,Pharma,268,India,Brazil,air,8753.0,5,17,23,36664.95,7.83,no,0,no,autumn,97.6,4.1888438249742945,0.1,9.951160911520947,8.817670958148845
86709,Pharma,871,Germany,China,road,6563.0,3,60,64,7021.55,9.7,no,0,yes,winter,63.2,1.0698689623647721,0.1,9.84527847271041,16.926536614561726
83004,Machinery,939,India,UK,road,8563.0,4,60,65,9991.17,30.91,no,0,no,winter,99.5,1.1667838374401496,0.1,9.380208363100927,16.926536614561726
80167,Machinery,388,France,USA,sea,11382.0,2,60,64,0.0,10.44,no,0,no,autumn,91.2,0.0,0.1,10.23365318092947,8.823788990938434
48079,Electronics,415,China,UK,sea,12411.0,5,60,66,0.0,12.9,no,0,yes,autumn,77.0,0.0,0.1,8.880213286223814,8.823788990938434
16302,Electronics,339,India,France,air,6597.0,5,14,22,36382.27,10.2,no,0,no,summer,98.9,5.514971956950128,0.1,5.325826422741586,8.817670958148845
17495,Food,510,UK,France,sea,14550.0,2,60,63,0.0,18.26,no,0,no,winter,92.8,0.0,0.1,11.962450174950433,8.823788990938434
85699,Pharma,882,Germany,France,rail,8552.0,1,60,64,8848.04,24.05,yes,9,no,spring,93.7,1.0346164639850328,0.1,6.152638541409878,15.19981997143669
61706,Machinery,15,UK,Japan,sea,1852.0,4,60,68,0.0,31.9,no,0,yes,autumn,79.3,0.0,0.1,8.53336320749811,8.823788990938434
49149,Electronics,411,India,France,road,8295.0,2,60,66,8338.52,20.53,no,0,no,summer,92.0,1.0052465340566608,0.1,10.776684127732675,16.926536614561726
70173,Food,876,Brazil,India,sea,4304.0,4,60,65,0.0,31.98,no,0,yes,winter,50.2,0.0,0.1,6.223545389822889,8.823788990938434
96223,Pharma,384,UK,USA,sea,5302.0,1,60,63,0.0,27.02,no,0,no,winter,96.2,0.0,0.1,8.095959326393228,8.823788990938434
52413,Pharma,716,Brazil,China,sea,8942.0,5,60,67,0.0,27.32,no,0,no,spring,98.7,0.0,0.1,6.969789552249277,8.823788990938434
97494,Pharma,672,India,France,road,4455.0,4,54,61,4843.02,6.54,no,0,no,summer,97.5,1.0870976430976431,0.1,7.919409679045619,16.926536614561726
9094,Clothing,777,Germany,Japan,sea,8639.0,5,60,69,0.0,23.03,no,0,no,autumn,91.0,0.0,0.1,10.732129669392465,8.823788990938434
6268,Clothing,499,UK,Brazil,sea,5843.0,4,60,66,0.0,27.95,yes,10,no,autumn,96.1,0.0,0.1,7.392880282346402,8.823788990938434
81824,Machinery,347,Germany,Germany,air,14008.0,2,25,31,57838.7,5.23,no,0,no,summer,96.6,4.128976299257567,0.1,4.615343460899661,8.817670958148845
40204,Food,673,USA,UK,sea,899.0,4,44,49,0.0,20.03,no,0,no,winter,94.2,0.0,0.1,5.082486443426121,8.823788990938434
69326,Food,585,India,Germany,sea,11679.0,5,60,68,0.0,23.99,yes,12,no,spring,99.7,0.0,0.1,4.653340069711659,8.823788990938434
57863,Clothing,611,Japan,China,sea,14303.0,3,60,65,0.0,17.71,no,0,no,summer,94.1,0.0,0.1,5.917452119797585,8.823788990938434
52992,Electronics,352,France,Japan,rail,2463.0,5,41,49,2432.28,7.11,no,0,no,spring,99.1,0.9875274056029233,0.1,4.00277004591807,15.19981997143669
89246,Electronics,321,Brazil,USA,rail,12731.0,5,60,67,11286.16,16.15,no,0,no,spring,97.7,0.8865100934726259,0.1,7.832089598736892,15.19981997143669
26874,Clothing,198,Brazil,Japan,air,12581.0,3,26,33,58131.46,16.03,yes,10,no,spring,94.3,4.620575470948255,0.1,9.079612616939087,8.817670958148845
62597,Food,168,Brazil,India,road,11178.0,6,60,70,10954.02,10.78,no,0,no,winter,95.4,0.9799624261943103,0.1,4.931481594753633,16.926536614561726
47746,Food,338,Germany,Japan,sea,14385.0,4,60,66,0.0,23.62,yes,10,no,winter,92.5,0.0,0.1,10.20116492021599,8.823788990938434
40991,Machinery,113,India,China,air,5226.0,5,10,19,31317.74,2.71,no,0,no,spring,98.8,5.9926789131266744,0.1,10.36944499587543,8.817670958148845
13929,Pharma,707,India,UK,road,1905.0,3,24,29,1731.16,13.64,no,0,no,summer,90.4,0.9087454068241471,0.1,9.91844485883899,16.926536614561726
94954,Pharma,911,Japan,UK,road,13973.0,3,60,66,14661.74,22.88,no,0,yes,spring,65.6,1.049290775066199,0.1,7.085945787668894,16.926536614561726
18743,Electronics,287,Germany,Germany,sea,8315.0,8,60,70,0.0,11.35,yes,1,no,autumn,94.9,0.0,0.1,8.64619204336352,8.823788990938434
1058,Machinery,67,Japan,Japan,air,1158.0,4,1,7,6508.55,0.99,no,0,no,autumn,92.8,5.620509499136443,0.1,8.277453327570608,8.817670958148845
4338,Clothing,973,Brazil,Germany,road,1659.0,2,20,24,1437.09,10.25,no,0,no,spring,97.7,0.8662386980108499,0.1,9.808445322398072,16.926536614561726
34171,Electronics,122,Japan,Brazil,sea,8295.0,4,60,67,0.0,15.88,no,0,no,winter,93.6,0.0,0.1,5.4164990757111235,8.823788990938434
96506,Pharma,481,India,India,rail,14121.0,3,60,66,15597.67,16.27,no,0,no,summer,99.7,1.1045726223355286,0.1,11.464318507128544,15.19981997143669
2030,Electronics,825,France,India,air,3644.0,5,7,14,17415.32,5.3,no,0,no,spring,93.6,4.779176728869374,0.1,4.510739154592118,8.817670958148845
1431,Clothing,448,India,Brazil,road,14676.0,5,60,69,17606.65,23.26,no,0,no,summer,97.9,1.1996899700190788,0.1,5.8956987168805535,16.926536614561726
35084,Food,589,Germany,UK,sea,9862.0,3,60,66,0.0,20.58,no,0,no,autumn,95.8,0.0,0.1,9.027379688150921,8.823788990938434
33932,Pharma,119,Germany,France,sea,4601.0,3,60,65,0.0,21.99,yes,12,no,winter,97.3,0.0,0.1,9.349657125229374,8.823788990938434
55376,Clothing,870,Brazil,India,road,5645.0,4,60,65,5390.25,8.92,no,0,yes,summer,74.1,0.9548715677590788,0.1,7.47915894472884,16.926536614561726
22825,Clothing,512,Japan,Brazil,air,10375.0,6,20,30,44297.98,4.45,no,0,no,spring,98.5,4.269684819277109,0.1,11.366029527277062,8.817670958148845
73647,Electronics,365,France,Japan,sea,8216.0,1,60,65,0.0,9.29,no,0,no,summer,95.4,0.0,0.1,6.9361187812606415,8.823788990938434
25270,Food,10,China,USA,sea,270.0,4,11,19,0.0,6.94,no,0,no,winter,98.9,0.0,0.1,8.102167976987275,8.823788990938434
64035,Machinery,807,UK,China,sea,1745.0,6,60,68,0.0,15.13,no,0,no,summer,90.9,0.0,0.1,8.202839132440019,8.823788990938434
14806,Clothing,355,France,USA,sea,10929.0,4,60,67,,24.31,no,0,no,autumn,94.2,0.0,0.1,11.2024493448775,8.823788990938434
60298,Clothing,634,UK,UK,air,11113.0,5,20,29,59246.24,7.78,no,0,no,winter,91.8,5.3312552866012775,0.1,5.044088494150018,8.817670958148845
50079,Pharma,722,UK,UK,air,1151.0,4,2,8,6849.78,2.76,no,0,no,autumn,93.7,5.95115551694179,0.1,7.391967937097942,8.817670958148845
31592,Food,234,France,Japan,sea,11615.0,3,60,65,0.0,10.46,no,0,no,autumn,99.6,0.0,0.1,9.56961132160264,8.823788990938434
586,Pharma,416,India,France,sea,4406.0,1,60,63,0.0,9.31,no,0,no,autumn,96.8,0.0,0.1,6.338992225132973,8.823788990938434
36905,Electronics,638,UK,USA,sea,13593.0,4,60,67,0.0,21.4,no,0,no,winter,,0.0,0.1,5.240263221935884,8.823788990938434
21333,Pharma,590,UK,USA,sea,6843.0,3,60,67,0.0,21.9,no,0,no,summer,99.5,0.0,0.1,4.719966943587493,8.823788990938434
39457,Electronics,10,Brazil,China,sea,11503.0,4,60,67,0.0,27.97,no,0,no,spring,95.6,0.0,0.1,8.99723089024994,8.823788990938434
12534,Food,963,India,Japan,road,13315.0,3,60,67,14715.12,26.98,no,0,no,summer,95.9,1.105153586180999,0.1,8.822394330774783,16.926536614561726
40816,Machinery,314,India,Japan,road,9433.0,2,60,66,8949.09,28.2,no,0,no,summer,93.4,0.948700307431358,0.1,6.1954728880479255,16.926536614561726
68317,Food,995,China,Japan,road,3953.0,4,49,56,4014.95,16.57,no,0,no,summer,98.4,1.0156716417910447,0.1,10.308916370697407,16.926536614561726
42918,Food,229,Germany,Japan,sea,140.0,5,6,13,0.0,4.08,no,0,no,autumn,98.2,0.0,0.1,8.997082155978,8.823788990938434
5216,Electronics,461,China,China,sea,1618.0,2,60,63,0.0,26.73,yes,5,no,summer,94.8,0.0,0.1,8.100936986360214,8.823788990938434
83013,Electronics,905,France,India,rail,3532.0,4,56,62,2827.86,27.42,no,0,no,summer,97.9,0.8006398640996603,0.1,4.153004653991433,15.19981997143669
40200,Electronics,129,UK,USA,sea,4932.0,3,60,66,0.0,11.04,yes,1,no,spring,95.0,0.0,0.1,10.877034981572226,8.823788990938434
64274,Clothing,320,India,Brazil,sea,5731.0,4,60,65,0.0,30.3,no,0,no,autumn,98.0,0.0,0.1,10.338912929116866,8.823788990938434
88544,Electronics,62,India,UK,rail,3917.0,1,60,64,3368.66,26.22,no,0,no,summer,91.8,0.8600102118968598,0.1,6.576288870932015,15.19981997143669
834,Electronics,44,Brazil,USA,air,11910.0,3,24,31,55004.9,12.08,no,0,no,autumn,95.0,4.618379513014274,0.1,7.018209101077382,8.817670958148845
41273,Pharma,799,USA,Japan,sea,377.0,4,21,27,0.0,9.03,no,0,no,autumn,93.8,0.0,0.1,7.183107914813163,8.823788990938434
79343,Electronics,209,India,Germany,air,5384.0,8,11,20,28974.82,3.17,no,0,no,summer,92.3,5.381653046062407,0.1,4.624423953619617,8.817670958148845
35016,Food,869,Japan,Germany,sea,10515.0,5,60,68,0.0,23.47,no,0,no,spring,99.5,0.0,0.1,8.647474618153348,8.823788990938434
66703,Pharma,825,China,USA,sea,12583.0,3,60,67,0.0,30.57,no,0,no,spring,94.2,0.0,0.1,7.6578615437785,8.823788990938434
65644,Clothing,653,Germany,UK,sea,8823.0,4,60,68,0.0,17.83,yes,8,no,winter,96.2,0.0,0.1,10.93630098229506,8.823788990938434
18486,Electronics,11,USA,Brazil,air,14090.0,6,27,35,59758.44,10.67,no,0,no,winter,94.1,4.241195173882186,0.1,7.053078470056301,8.817670958148845
33334,Machinery,495,USA,Brazil,sea,2896.0,2,60,65,0.0,26.82,yes,3,no,summer,92.1,0.0,0.1,5.588849940579937,8.823788990938434
13552,Clothing,333,Japan,Germany,sea,5671.0,4,60,68,0.0,20.53,no,0,no,autumn,,0.0,0.1,4.475108461012467,8.823788990938434
95261,Pharma,554,Japan,Japan,road,3279.0,7,42,53,3422.06,10.86,no,0,no,autumn,91.0,1.043629155230253,0.1,10.293451952852836,16.926536614561726
17673,Food,855,Japan,Germany,sea,11959.0,4,60,67,0.0,11.39,no,0,no,winter,97.5,0.0,0.1,11.548826992519224,8.823788990938434
23146,Machinery,203,Germany,USA,sea,3544.0,3,60,66,0.0,24.8,yes,2,yes,winter,68.9,0.0,0.1,7.840845276563831,8.823788990938434
61130,Clothing,33,USA,Germany,sea,5830.0,4,60,65,0.0,8.59,no,0,no,autumn,91.8,0.0,0.1,7.3532637958527785,8.823788990938434
69841,Electronics,224,UK,China,sea,14602.0,5,60,69,0.0,15.67,yes,1,no,spring,97.6,0.0,0.1,7.484022556633812,8.823788990938434
96987,Pharma,775,USA,Japan,sea,7581.0,5,60,68,0.0,14.61,no,0,no,spring,94.8,0.0,0.1,11.336687167412645,8.823788990938434
35754,Pharma,349,China,France,sea,5260.0,2,60,64,0.0,29.52,no,0,yes,spring,59.7,0.0,0.1,11.54947855191324,8.823788990938434
33460,Machinery,666,Japan,China,road,11036.0,5,60,67,9782.42,19.58,no,0,no,winter,95.8,0.886409931134469,0.1,4.626893795526606,16.926536614561726
14269,Pharma,822,Germany,China,sea,14830.0,4,60,66,0.0,25.81,no,0,no,summer,91.4,0.0,0.1,5.499903558138651,8.823788990938434
22187,Machinery,282,Brazil,Brazil,road,6049.0,3,60,64,6094.85,17.79,yes,12,no,spring,93.0,1.0075797652504548,0.1,8.359330178635664,16.926536614561726
15023,Machinery,475,Japan,Japan,sea,13164.0,6,60,70,0.0,20.28,no,0,no,autumn,94.7,0.0,0.1,11.503595987556853,8.823788990938434
11969,Food,924,India,India,air,6750.0,6,12,19,40065.37,3.86,no,0,no,autumn,97.8,5.93561037037037,0.1,4.399052683854473,8.817670958148845
28566,Electronics,457,Japan,France,sea,6268.0,2,60,66,0.0,32.48,no,0,no,spring,94.3,0.0,0.1,6.638571175697815,8.823788990938434
25842,Machinery,573,Brazil,India,sea,11646.0,3,60,67,0.0,21.68,yes,14,no,spring,94.5,0.0,0.1,10.62251121162449,8.823788990938434
279,Food,960,Brazil,Brazil,sea,13147.0,4,60,67,0.0,12.47,yes,6,no,spring,96.7,0.0,0.1,9.615898640533477,8.823788990938434
76183,Machinery,452,Germany,USA,road,12986.0,5,60,69,10484.21,7.09,no,0,no,summer,94.1,0.8073471430771599,0.1,8.76746672599048,16.926536614561726
6149,Electronics,283,Japan,USA,sea,8932.0,8,60,70,0.0,15.5,no,0,no,spring,94.7,0.0,0.1,6.394030913063421,8.823788990938434
61297,Food,967,Japan,Germany,sea,2177.0,6,60,70,0.0,21.8,no,0,no,winter,94.3,0.0,0.1,4.203955570902878,8.823788990938434
77960,Food,600,USA,France,sea,2433.0,4,60,66,0.0,27.72,no,0,no,summer,97.3,0.0,0.1,8.652391272655823,8.823788990938434
14150,Electronics,970,Brazil,Japan,road,11993.0,3,60,67,10993.5,10.56,no,0,no,winter,93.7,0.9166597181689319,0.1,10.935274604711154,16.926536614561726
47140,Machinery,138,India,Japan,road,908.0,4,10,16,832.64,2.5,yes,11,no,winter,98.8,0.9170044052863436,0.1,9.076022336792585,16.926536614561726
29518,Pharma,257,Brazil,France,sea,3853.0,5,60,69,0.0,19.78,yes,1,no,summer,99.2,0.0,0.1,4.016689601846498,8.823788990938434
10050,Clothing,382,UK,Germany,sea,5971.0,4,60,66,0.0,19.3,no,0,no,spring,92.7,0.0,0.1,10.658668909745813,8.823788990938434
53346,Machinery,373,China,Brazil,road,11318.0,5,60,69,9482.1,13.35,no,0,no,spring,90.1,0.8377893620781057,0.1,5.4289420780215,16.926536614561726
75310,Machinery,442,India,China,sea,837.0,6,42,52,0.0,15.45,no,0,no,autumn,94.3,0.0,0.1,7.168533064489301,8.823788990938434
20613,Machinery,143,France,China,sea,2038.0,7,60,69,0.0,26.1,no,0,no,winter,99.7,0.0,0.1,10.724342330721266,8.823788990938434
34287,Electronics,43,China,China,air,5126.0,3,12,16,28917.05,2.27,no,0,no,winter,98.8,5.641250487709715,0.1,4.051166540902878,8.817670958148845
59397,Food,158,France,France,road,5137.0,7,60,69,5023.69,30.21,no,0,no,summer,90.4,0.9779423788203231,0.1,10.630013848752405,16.926536614561726
38721,Machinery,65,Japan,Japan,sea,1121.0,1,58,61,0.0,14.63,no,0,no,spring,94.9,0.0,0.1,5.422497903027482,8.823788990938434
31121,Pharma,471,France,China,sea,12037.0,2,60,64,0.0,9.82,no,0,no,summer,99.0,0.0,0.1,5.119512314019484,8.823788990938434
46500,Machinery,891,Brazil,China,road,6749.0,3,60,67,8004.29,31.29,no,0,no,winter,97.4,1.1859964439176174,0.1,6.760500669208958,16.926536614561726
31419,Food,736,Brazil,Germany,rail,1994.0,6,33,43,1963.58,20.95,yes,10,no,autumn,94.6,0.9847442326980943,0.1,8.811638829471876,15.19981997143669
1573,Electronics,534,India,UK,sea,6642.0,2,60,66,0.0,28.24,no,0,no,summer,96.3,0.0,0.1,8.376663227193223,8.823788990938434
78057,Pharma,610,USA,Germany,air,2620.0,4,6,11,13130.3,3.77,no,0,no,autumn,96.0,5.011564885496183,0.1,6.586571048926868,8.817670958148845
53084,Clothing,992,China,Brazil,sea,7801.0,3,60,67,0.0,13.81,yes,8,no,spring,97.9,0.0,0.1,10.466423168577599,8.823788990938434
27806,Pharma,376,Japan,USA,air,716.0,3,1,7,3817.42,2.74,no,0,no,autumn,98.5,5.33159217877095,0.1,11.132972196666309,8.817670958148845
96811,Electronics,538,Brazil,Brazil,sea,3634.0,4,60,67,0.0,21.3,no,0,no,spring,90.7,0.0,0.1,8.787758337812281,8.823788990938434
97650,Electronics,903,India,UK,air,2831.0,4,5,12,,5.37,no,0,no,summer,98.3,4.469795125397386,0.1,7.2668372076254615,8.817670958148845
15843,Clothing,116,Japan,UK,sea,3290.0,5,60,68,0.0,31.6,no,0,no,summer,96.3,0.0,0.1,11.89463031483011,8.823788990938434
52853,Pharma,76,UK,China,road,4162.0,2,51,55,4448.91,11.0,no,0,no,autumn,97.7,1.0689356078808265,0.1,8.717337482433859,16.926536614561726
50138,Food,939,India,France,air,12981.0,5,26,32,67807.13,6.41,no,0,no,winter,94.8,5.223567521762576,0.1,6.922987155936455,8.817670958148845
27538,Clothing,827,UK,Brazil,air,6157.0,1,12,14,32869.36,3.12,no,0,no,autumn,91.6,5.338535000812084,0.1,5.309598876623463,8.817670958148845
11856,Clothing,36,China,France,air,5882.0,4,10,15,27281.73,2.2,no,0,no,winter,94.0,4.638172390343421,0.1,7.131730819585051,8.817670958148845
41094,Clothing,682,France,Brazil,rail,12762.0,3,60,66,12458.87,12.98,no,0,no,spring,90.1,0.9762474533772136,0.1,4.39447391143079,15.19981997143669
40942,Machinery,539,China,USA,road,9892.0,5,60,68,9319.45,11.89,no,0,no,spring,99.2,0.9421198948645371,0.1,6.399997096432333,16.926536614561726
78213,Pharma,786,UK,India,sea,7180.0,5,60,68,0.0,12.93,no,0,no,spring,97.9,0.0,0.1,8.315948946352869,8.823788990938434
70852,Machinery,447,India,Brazil,sea,4325.0,3,60,64,0.0,20.81,no,0,no,spring,93.0,0.0,0.1,11.81654295507797,8.823788990938434
85907,Machinery,440,UK,India,air,13479.0,6,27,34,57897.84,6.2,no,0,no,autumn,99.1,4.295410638771422,0.1,10.323624319046736,8.817670958148845
70227,Electronics,750,Germany,Germany,rail,6109.0,5,60,67,5960.55,33.33,no,0,no,winter,93.5,0.9756997871992144,0.1,4.8936951214113105,15.19981997143669
17248,Pharma,159,Japan,Japan,sea,8947.0,5,60,66,0.0,24.83,no,0,no,summer,95.7,0.0,0.1,10.829107336023199,8.823788990938434
91331,Food,910,India,China,road,9391.0,2,60,65,7717.7,32.26,no,0,no,spring,95.1,0.8218187626450857,0.1,5.176244936945247,16.926536614561726
74412,Electronics,244,Brazil,Germany,air,7897.0,5,15,23,35353.28,2.77,no,0,no,spring,99.8,4.476798784348486,0.1,6.507197496181823,8.817670958148845
13736,Machinery,790,China,India,rail,14212.0,3,60,65,,18.23,no,0,no,autumn,96.1,1.163293695468618,0.1,4.695297282089066,15.19981997143669
75534,Clothing,467,Germany,France,sea,11356.0,4,60,66,0.0,13.98,no,0,no,autumn,92.9,0.0,0.1,5.894514183741047,8.823788990938434
19779,Clothing,275,USA,Germany,sea,13063.0,6,60,69,0.0,16.21,no,0,no,spring,94.0,0.0,0.1,11.287823732435013,8.823788990938434
8094,Machinery,529,USA,India,road,13804.0,4,60,67,15022.62,31.38,no,0,no,autumn,97.8,1.0882802086351782,0.1,11.607122558993304,16.926536614561726
92534,Clothing,636,France,Brazil,road,7053.0,3,60,67,7323.54,19.01,no,0,no,spring,95.3,1.0383581454700128,0.1,9.875446794698044,16.926536614561726
82193,Pharma,347,USA,Brazil,road,1493.0,4,18,24,1377.83,9.59,no,0,no,winter,98.1,0.9228600133958472,0.1,4.281670890133776,16.926536614561726
67484,Pharma,589,Germany,India,sea,3962.0,5,60,69,0.0,10.6,yes,8,no,spring,94.0,0.0,0.1,4.9206575268994435,8.823788990938434
46678,Clothing,801,USA,India,air,1504.0,2,2,8,8196.98,2.17,yes,13,no,summer,98.1,5.4501196808510635,0.1,7.80323072060905,8.817670958148845
74258,Pharma,814,China,China,sea,4893.0,8,60,71,0.0,34.76,no,0,no,winter,93.3,0.0,0.1,8.134007012089064,8.823788990938434
54569,Pharma,909,China,Brazil,road,4483.0,2,54,60,4334.77,9.29,no,0,no,autumn,95.7,0.9669350881106403,0.1,9.857379814431315,16.926536614561726
61461,Pharma,297,Germany,UK,sea,13066.0,5,60,69,0.0,28.37,no,0,no,winter,95.3,0.0,0.1,10.518840762916781,8.823788990938434
31022,Food,669,USA,Japan,air,2494.0,2,7,10,11775.4,2.76,no,0,no,winter,,4.7214915797915,0.1,6.214869254601013,8.817670958148845
2130,Clothing,692,India,India,sea,10713.0,5,60,69,0.0,30.44,no,0,no,spring,99.3,0.0,0.1,11.684859959639155,8.823788990938434
95185,Food,562,Japan,China,sea,9675.0,2,60,66,0.0,17.46,no,0,no,spring,95.6,0.0,0.1,4.841735449313437,8.823788990938434
11864,Pharma,726,France,USA,road,13355.0,4,60,68,14269.49,32.78,yes,2,no,autumn,95.2,1.0684754773493073,0.1,7.900439299550057,16.926536614561726
55043,Clothing,452,UK,Brazil,road,5460.0,2,60,66,6467.0,8.43,no,0,no,summer,100.0,1.1844322344322344,0.1,10.960189206518102,16.926536614561726
14425,Clothing,768,France,Japan,road,13887.0,4,60,65,14517.93,15.38,no,0,no,spring,94.8,1.0454331389068914,0.1,7.722848712690385,16.926536614561726
52151,Machinery,311,Germany,UK,sea,2184.0,6,60,67,0.0,31.94,no,0,no,spring,90.6,0.0,0.1,4.674166034997292,8.823788990938434
9162,Electronics,287,Germany,China,road,1841.0,3,22,27,1568.15,11.64,yes,7,no,winter,99.7,0.851792504073873,0.1,5.441116542184444,16.926536614561726
42666,Pharma,263,France,USA,air,4781.0,3,10,16,21890.96,6.04,no,0,no,summer,96.4,4.578740849194729,0.1,9.991485777707688,8.817670958148845
7316,Clothing,281,Japan,UK,road,12479.0,7,60,68,11236.29,29.73,no,0,no,autumn,96.2,0.9004158987098326,0.1,4.133535387825345,16.926536614561726
2181,Pharma,262,UK,France,sea,11743.0,2,60,63,0.0,24.31,no,0,no,spring,97.9,0.0,0.1,10.279674187518381,8.823788990938434
67359,Electronics,927,USA,UK,sea,2585.0,4,60,68,0.0,11.27,no,0,no,autumn,93.6,0.0,0.1,5.860702494041669,8.823788990938434
9601,Pharma,435,France,Brazil,road,11379.0,5,60,67,11519.67,16.38,yes,9,no,spring,94.0,1.0123622462430795,0.1,9.919489936102094,16.926536614561726
35737,Pharma,404,Germany,USA,road,1760.0,5,21,30,,4.34,no,0,no,summer,97.0,0.8619829545454545,0.1,11.390548676251697,16.926536614561726
30465,Clothing,36,Brazil,Brazil,rail,11342.0,4,60,67,13196.83,13.02,no,0,no,spring,92.3,1.1635364133309822,0.1,4.801587699163697,15.19981997143669
10572,Machinery,145,France,Brazil,rail,10019.0,2,60,63,9676.48,30.91,yes,8,no,autumn,96.1,0.9658129553847689,0.1,8.359086610662843,15.19981997143669
85767,Food,787,USA,Japan,sea,8732.0,4,60,68,0.0,23.06,no,0,no,winter,92.8,0.0,0.1,9.143421722225835,8.823788990938434
6176,Clothing,512,UK,Brazil,sea,1781.0,6,60,69,0.0,18.31,no,0,no,summer,95.2,0.0,0.1,5.661086718138778,8.823788990938434
31197,Machinery,797,France,China,road,13020.0,3,60,66,11872.08,9.38,no,0,no,autumn,95.2,0.9118341013824884,0.1,6.549383594893343,16.926536614561726
77458,Machinery,242,China,Germany,air,12631.0,3,26,31,67179.95,14.14,no,0,no,summer,94.6,5.318656480088671,0.1,5.91683896831526,8.817670958148845
1222,Machinery,20,China,France,road,11742.0,1,60,65,11230.34,11.36,no,0,no,winter,96.4,0.9564247998637371,0.1,7.803552959007756,16.926536614561726
74449,Machinery,12,Japan,India,sea,8034.0,6,60,70,0.0,10.87,yes,2,no,winter,97.6,0.0,0.1,9.712514961629891,8.823788990938434
37038,Machinery,109,Germany,India,road,10093.0,5,60,67,10174.35,7.77,no,0,no,winter,98.1,1.0080600416129992,0.1,9.333894121541974,16.926536614561726
16291,Food,295,USA,UK,air,13906.0,4,29,36,68024.84,9.55,no,0,no,winter,96.7,4.891761829426147,0.1,8.566562496625536,8.817670958148845
25453,Clothing,323,Germany,Germany,sea,3627.0,6,60,68,0.0,28.12,no,0,no,summer,97.1,0.0,0.1,8.31496278878347,8.823788990938434
33563,Electronics,999,China,France,air,13088.0,6,25,33,53106.63,3.48,no,0,no,summer,90.4,4.0576581601466994,0.1,5.945466060244824,8.817670958148845
656,Electronics,560,France,China,sea,6098.0,5,60,69,0.0,24.1,no,0,no,spring,90.1,0.0,0.1,10.434301611611462,8.823788990938434
43384,Machinery,717,USA,Germany,sea,4632.0,4,60,66,0.0,25.21,no,0,no,summer,94.8,0.0,0.1,7.157227966682192,8.823788990938434
64833,Food,289,Japan,India,air,12582.0,3,23,30,73616.43,3.95,yes,4,no,winter,96.8,5.850932284215546,0.1,6.476196981551086,8.817670958148845
37692,Electronics,69,USA,India,road,14138.0,5,60,67,11589.07,15.04,no,0,no,spring,91.7,0.8197107087282501,0.1,7.128437262485225,16.926536614561726
50195,Food,136,Germany,France,sea,8117.0,4,60,68,0.0,21.49,no,0,no,winter,99.3,0.0,0.1,8.288274280037925,8.823788990938434
64798,Electronics,572,France,Japan,sea,12761.0,6,60,68,0.0,23.39,no,0,no,autumn,98.9,0.0,0.1,10.542015692069338,8.823788990938434
34273,Pharma,998,Japan,USA,sea,14788.0,2,60,64,0.0,26.84,no,0,yes,summer,80.7,0.0,0.1,4.3972709563071595,8.823788990938434
4051,Food,157,India,USA,road,7993.0,3,60,65,7513.78,16.91,no,0,no,winter,92.9,0.9400450394094833,0.1,6.088075132001131,16.926536614561726
87072,Clothing,465,UK,China,sea,10917.0,6,60,70,0.0,19.1,no,0,no,spring,99.2,0.0,0.1,6.096255280717473,8.823788990938434
81773,Electronics,658,USA,USA,road,13982.0,7,60,68,12794.12,18.77,no,0,no,spring,95.0,0.9150421971105708,0.1,6.4470987169032155,16.926536614561726
70997,Electronics,889,Germany,USA,road,5661.0,6,60,70,6503.43,11.38,no,0,no,summer,92.4,1.1488129305776364,0.1,8.387316796812867,16.926536614561726
4368,Clothing,483,UK,Japan,rail,139.0,4,1,9,146.57,4.23,no,0,no,autumn,96.6,1.0544604316546762,0.1,5.55754702547519,15.19981997143669
56346,Clothing,132,India,China,road,12810.0,2,60,64,15235.27,28.95,no,0,no,winter,95.8,1.1893263075722091,0.1,11.432634421788723,16.926536614561726
45918,Food,644,France,USA,air,14800.0,5,28,36,69711.64,15.09,no,0,no,autumn,90.2,4.710245945945946,0.1,10.206478187728653,8.817670958148845
46369,Pharma,269,France,India,sea,9873.0,8,60,70,0.0,31.28,no,0,no,spring,,0.0,0.1,5.598135046555655,8.823788990938434
90890,Clothing,336,Brazil,France,sea,12695.0,2,60,65,,29.98,no,0,no,summer,,0.0,0.1,10.850134857545724,8.823788990938434
5074,Machinery,499,India,Brazil,air,11076.0,4,23,29,44518.19,7.22,no,0,no,winter,92.0,4.019338208739617,0.1,6.42148624764709,8.817670958148845
35991,Electronics,538,India,Brazil,sea,1006.0,7,50,59,0.0,20.87,no,0,no,spring,93.0,0.0,0.1,10.5240172850216,8.823788990938434
10502,Clothing,597,India,India,air,1217.0,1,2,6,6973.64,1.65,no,0,yes,autumn,61.9,5.730188989317996,0.1,11.899980662992231,8.817670958148845
55930,Food,412,France,Germany,sea,2246.0,6,60,70,0.0,11.07,no,0,no,spring,99.6,0.0,0.1,10.902588465783895,8.823788990938434
11015,Pharma,800,Brazil,Germany,sea,6768.0,6,60,70,0.0,26.17,no,0,no,winter,92.3,0.0,0.1,6.882296771379418,8.823788990938434
80128,Machinery,977,Brazil,USA,sea,8909.0,5,60,66,0.0,7.32,no,0,no,autumn,94.0,0.0,0.1,4.453383784799352,8.823788990938434
40039,Clothing,90,Germany,Brazil,sea,10699.0,5,60,69,0.0,24.52,yes,10,no,winter,92.6,0.0,0.1,5.784995214197931,8.823788990938434
69576,Pharma,377,Brazil,China,rail,2984.0,2,48,52,3420.16,25.92,no,0,no,spring,92.3,1.146166219839142,0.1,10.59492841422367,15.19981997143669
8787,Food,803,USA,Brazil,air,8630.0,3,16,23,46376.42,10.4,no,0,no,winter,98.2,5.373860950173812,0.1,11.946154020927395,8.817670958148845
60719,Clothing,183,Germany,France,sea,14225.0,2,60,63,0.0,14.23,no,0,no,spring,100.0,0.0,0.1,6.3509966782954415,8.823788990938434
55432,Machinery,422,USA,Germany,road,5211.0,4,60,67,5113.37,24.82,no,0,no,summer,92.3,0.9812646325081558,0.1,8.135586649443628,16.926536614561726
95341,Machinery,319,UK,USA,road,7876.0,5,60,69,9409.27,9.39,no,0,no,summer,96.2,1.1946762315896395,0.1,11.275475066376337,16.926536614561726
19213,Electronics,76,France,Brazil,sea,8012.0,5,60,68,0.0,7.27,no,0,no,winter,94.5,0.0,0.1,11.153640958520896,8.823788990938434
94482,Electronics,236,USA,Brazil,sea,12087.0,4,60,67,0.0,13.33,no,0,no,spring,92.5,0.0,0.1,7.810032380543817,8.823788990938434
41047,Clothing,857,France,China,sea,11403.0,2,60,66,0.0,23.52,no,0,no,spring,99.0,0.0,0.1,10.621853804390575,8.823788990938434
3790,Pharma,968,USA,Brazil,rail,103.0,5,1,9,118.08,1.79,yes,7,no,summer,99.3,1.1464077669902912,0.1,9.001655040823659,15.19981997143669
90092,Clothing,665,USA,Japan,sea,3291.0,3,60,64,,26.84,no,0,no,winter,95.9,0.0,0.1,11.667579704684263,8.823788990938434
58117,Pharma,483,India,France,rail,2491.0,3,42,46,2332.44,21.24,no,0,no,spring,90.7,0.9363468486551586,0.1,7.000300124850134,15.19981997143669
22507,Clothing,490,France,China,road,5656.0,6,60,70,4820.94,33.08,no,0,no,winter,90.2,0.8523585572842998,0.1,9.513460805869336,16.926536614561726
17920,Clothing,430,France,France,sea,11203.0,3,60,64,0.0,12.35,no,0,no,autumn,97.5,0.0,0.1,7.427767683658249,8.823788990938434
96635,Pharma,21,India,USA,sea,1841.0,1,60,63,0.0,26.31,yes,11,no,summer,92.2,0.0,0.1,5.906383216584733,8.823788990938434
8570,Clothing,341,Germany,Japan,sea,6746.0,5,60,67,0.0,16.63,no,0,no,winter,93.5,0.0,0.1,9.374116273252753,8.823788990938434
88174,Pharma,453,Brazil,USA,air,14316.0,2,30,35,78949.69,7.16,no,0,no,summer,99.1,5.514786951662476,0.1,11.33508862247346,8.817670958148845
45795,Electronics,899,UK,Japan,rail,9603.0,2,60,64,10796.12,23.84,no,0,no,summer,91.5,1.1242445069249194,0.1,10.17105996243663,15.19981997143669
73839,Pharma,207,Japan,Germany,sea,9422.0,4,60,65,0.0,26.39,no,0,no,spring,95.1,0.0,0.1,5.381980471384159,8.823788990938434
15461,Pharma,351,USA,UK,sea,5642.0,5,60,67,0.0,9.32,no,0,no,winter,94.8,0.0,0.1,7.064003867033745,8.823788990938434
8312,Food,1,China,India,sea,5543.0,4,60,67,0.0,6.97,no,0,no,spring,97.6,0.0,0.1,7.937392673071623,8.823788990938434
64112,Electronics,174,India,Japan,air,4089.0,6,8,17,18651.22,7.7,no,0,no,autumn,96.7,4.561315725116166,0.1,5.439765319578327,8.817670958148845
9661,Food,292,Japan,Brazil,air,4151.0,2,7,12,20193.64,5.35,yes,14,no,winter,99.6,4.864765116839315,0.1,10.739257110322756,8.817670958148845
857,Food,747,Brazil,France,sea,7175.0,6,60,67,0.0,11.08,no,0,no,autumn,91.1,0.0,0.1,8.581335143066077,8.823788990938434
57420,Electronics,486,USA,Japan,sea,740.0,3,36,42,0.0,5.84,yes,5,no,winter,92.8,0.0,0.1,4.082791657513001,8.823788990938434
40012,Electronics,327,France,India,sea,361.0,3,16,20,0.0,5.67,yes,12,no,spring,95.4,0.0,0.1,5.035867860171317,8.823788990938434
21178,Pharma,286,France,Japan,sea,5624.0,4,60,67,0.0,7.02,yes,8,no,winter,90.9,0.0,0.1,7.796498834211541,8.823788990938434
85575,Pharma,423,China,Japan,rail,9065.0,2,60,63,7735.39,9.21,no,0,no,spring,92.2,0.8533248758963045,0.1,7.096033957933857,15.19981997143669
22154,Machinery,395,China,Germany,air,4800.0,6,10,20,21908.9,3.76,no,0,no,summer,99.5,4.564354166666667,0.1,11.097255354183554,8.817670958148845
66030,Food,171,USA,China,sea,2608.0,5,60,67,0.0,12.58,no,0,no,spring,92.2,0.0,0.1,7.017831678703417,8.823788990938434
11469,Machinery,307,Japan,France,sea,139.0,3,6,11,0.0,2.99,no,0,no,summer,98.5,0.0,0.1,5.545106926518788,8.823788990938434
65982,Electronics,808,China,USA,sea,4773.0,4,60,66,0.0,16.77,no,0,no,autumn,94.4,0.0,0.1,6.94310429528457,8.823788990938434
37238,Machinery,457,France,USA,air,11203.0,3,22,29,47827.02,3.12,no,0,yes,spring,89.7,4.269126126930286,0.1,7.360865428141647,8.817670958148845
72376,Clothing,448,Brazil,UK,sea,11283.0,5,60,67,0.0,18.88,no,0,no,spring,92.0,0.0,0.1,5.875183391425494,8.823788990938434
83143,Electronics,736,Germany,USA,rail,2143.0,5,35,41,1745.64,5.14,no,0,no,summer,95.9,0.8145776948203454,0.1,4.237897885681801,15.19981997143669
20283,Food,402,China,Japan,sea,4338.0,4,60,66,0.0,11.91,no,0,no,winter,97.6,0.0,0.1,8.056693781144993,8.823788990938434
12388,Electronics,164,UK,Brazil,rail,10642.0,5,60,68,12048.98,21.86,no,0,no,summer,96.3,1.1322101108814133,0.1,5.026186587661059,15.19981997143669
29870,Electronics,676,Japan,India,sea,12373.0,3,60,67,0.0,15.84,no,0,no,spring,92.6,0.0,0.1,4.429599746865354,8.823788990938434
78789,Food,144,Japan,UK,air,4457.0,1,8,10,22476.35,3.63,no,0,no,spring,93.5,5.042932465784159,0.1,6.47623801918787,8.817670958148845
69418,Food,101,China,Germany,rail,12769.0,4,60,65,12929.99,24.11,no,0,no,autumn,94.2,1.0126078784556347,0.1,9.471688328927288,15.19981997143669
10900,Clothing,446,India,Brazil,sea,354.0,7,17,28,0.0,5.24,no,0,no,spring,,0.0,0.1,4.741531789918075,8.823788990938434
22740,Pharma,888,India,China,sea,7476.0,4,60,65,0.0,21.47,no,0,no,winter,98.5,0.0,0.1,11.436028462178955,8.823788990938434
1415,Electronics,332,Germany,Japan,sea,5816.0,3,60,66,0.0,20.05,yes,6,no,autumn,91.6,0.0,0.1,6.596420326995561,8.823788990938434
30953,Clothing,101,USA,USA,sea,3484.0,5,60,67,0.0,18.79,yes,14,no,winter,98.3,0.0,0.1,10.799427374569749,8.823788990938434
56835,Machinery,289,India,USA,rail,11350.0,3,60,65,11121.22,19.22,no,0,no,winter,94.7,0.9798431718061673,0.1,4.710843984040871,15.19981997143669
38936,Food,870,Brazil,China,road,12811.0,3,60,64,11007.89,30.37,no,0,no,spring,,0.8592529857154008,0.1,8.377145229433662,16.926536614561726
32201,Food,334,USA,Brazil,road,8796.0,7,60,68,8850.61,25.4,no,0,no,spring,94.7,1.0062085038653934,0.1,4.67851961480821,16.926536614561726
68845,Machinery,638,UK,China,rail,4034.0,5,60,66,4778.34,9.25,no,0,no,summer,95.7,1.1845166088249877,0.1,4.0036631974719485,15.19981997143669
45692,Machinery,273,Brazil,Japan,sea,9123.0,3,60,65,0.0,23.03,no,0,no,summer,,0.0,0.1,6.7249008915009965,8.823788990938434
72020,Machinery,904,UK,UK,sea,10007.0,5,60,66,0.0,21.7,no,0,no,autumn,98.8,0.0,0.1,4.693971574270295,8.823788990938434
80648,Machinery,156,Japan,USA,air,2405.0,3,4,9,13349.12,2.15,no,0,no,summer,95.0,5.550569646569647,0.1,6.405395405932577,8.817670958148845
20428,Electronics,565,Germany,India,sea,14358.0,5,60,68,0.0,18.26,no,0,no,summer,90.8,0.0,0.1,4.285970913034027,8.823788990938434
11896,Electronics,388,China,China,sea,13584.0,4,60,66,0.0,8.61,no,0,no,summer,90.7,0.0,0.1,6.46426755582953,8.823788990938434
4625,Machinery,361,UK,UK,sea,6395.0,5,60,66,0.0,7.8,no,0,no,winter,95.2,0.0,0.1,11.125048148458493,8.823788990938434
29506,Machinery,111,USA,China,road,3362.0,4,42,49,3346.8,15.55,no,0,yes,winter,79.0,0.9954788816180845,0.1,6.595299631454961,16.926536614561726
12561,Electronics,877,India,Brazil,sea,8306.0,4,60,65,0.0,14.35,no,0,no,summer,99.4,0.0,0.1,10.758347033452877,8.823788990938434
38943,Electronics,442,UK,India,sea,6514.0,3,60,65,0.0,12.6,no,0,no,autumn,91.3,0.0,0.1,8.85741668867375,8.823788990938434
69606,Electronics,207,USA,Japan,air,9091.0,8,19,29,37762.34,11.33,no,0,no,summer,94.2,4.153815861841381,0.1,11.769765061739502,8.817670958148845
574,Food,658,France,India,road,7670.0,5,60,66,7942.23,7.72,no,0,no,winter,99.6,1.0354928292046937,0.1,5.566770401667959,16.926536614561726
84866,Food,662,China,Brazil,road,4666.0,4,58,65,3957.2,6.58,no,0,no,spring,93.1,0.8480925846549506,0.1,10.876063417231299,16.926536614561726
51744,Pharma,170,India,China,sea,9877.0,2,60,64,0.0,24.18,no,0,no,spring,92.6,0.0,0.1,4.335426253494932,8.823788990938434
74337,Machinery,938,Brazil,China,air,10753.0,6,22,32,45809.81,10.7,no,0,no,summer,92.7,4.260188784525249,0.1,7.536515664336902,8.817670958148845
86885,Electronics,104,Brazil,France,air,14429.0,5,28,37,79153.79,17.07,no,0,no,summer,99.0,5.485743294753621,0.1,8.533770744097822,8.817670958148845
36239,Electronics,439,China,Brazil,rail,13365.0,6,60,67,12787.63,25.91,yes,12,no,winter,93.4,0.9567998503554058,0.1,7.273677906780333,15.19981997143669
50283,Food,171,China,Germany,sea,6018.0,3,60,64,0.0,29.81,no,0,no,autumn,95.4,0.0,0.1,9.451258385678484,8.823788990938434
7749,Pharma,688,India,China,rail,1692.0,7,27,38,1987.98,16.36,no,0,no,autumn,95.0,1.1749290780141843,0.1,10.951867785955356,15.19981997143669
45120,Machinery,379,UK,India,rail,5322.0,7,60,68,4976.3,15.3,no,0,no,summer,91.5,0.9350432168357761,0.1,8.704073636659357,15.19981997143669
99912,Machinery,74,India,UK,sea,8105.0,4,60,65,0.0,22.05,no,0,no,winter,94.4,0.0,0.1,8.272728454834425,8.823788990938434
73382,Clothing,221,India,USA,rail,724.0,3,12,16,790.8,3.01,no,0,no,winter,98.7,1.0922651933701657,0.1,10.127387631522371,15.19981997143669
60894,Machinery,886,Brazil,China,sea,14307.0,8,60,70,0.0,16.19,no,0,no,winter,92.0,0.0,0.1,11.710729665370492,8.823788990938434
76179,Electronics,956,Germany,Germany,road,5960.0,4,60,65,6956.9,15.31,yes,11,no,winter,97.7,1.167265100671141,0.1,4.730275935916506,16.926536614561726
79844,Clothing,130,UK,USA,road,4493.0,4,57,62,4470.42,29.38,yes,2,no,summer,98.0,0.9949744046294235,0.1,6.724485572608458,16.926536614561726
86324,Pharma,438,Japan,Germany,sea,9205.0,3,60,67,0.0,12.18,no,0,no,spring,95.7,0.0,0.1,9.93043689892577,8.823788990938434
98518,Clothing,333,Germany,Japan,sea,4969.0,4,60,67,0.0,10.29,yes,5,no,autumn,90.8,0.0,0.1,7.7950931713435985,8.823788990938434
76930,Machinery,359,India,USA,sea,6329.0,2,60,63,0.0,30.6,no,0,no,summer,91.3,0.0,0.1,8.463872953846323,8.823788990938434
17962,Pharma,445,Japan,Japan,rail,6153.0,2,60,63,6539.78,9.36,no,0,no,summer,91.9,1.0628603933040792,0.1,11.360022983763816,15.19981997143669
64846,Machinery,157,China,India,sea,9805.0,5,60,69,0.0,18.26,no,0,no,spring,92.8,0.0,0.1,6.3866823988093095,8.823788990938434
28287,Pharma,168,UK,Japan,sea,6551.0,4,60,67,0.0,19.48,yes,3,no,summer,95.0,0.0,0.1,8.943638500230534,8.823788990938434
16731,Machinery,779,USA,UK,sea,14242.0,6,60,67,0.0,17.69,yes,4,no,summer,96.8,0.0,0.1,6.7607383379027235,8.823788990938434
67703,Food,201,UK,France,rail,7906.0,3,60,65,7240.58,16.66,no,0,no,spring,93.7,0.9158335441436883,0.1,11.869344052364411,15.19981997143669
81582,Machinery,482,Brazil,Brazil,air,2325.0,2,4,8,13764.05,1.42,no,0,no,spring,97.6,5.920021505376344,0.1,9.025345465125696,8.817670958148845
2743,Clothing,9,Brazil,China,road,2419.0,5,30,39,2171.55,4.55,yes,13,no,autumn,95.3,0.8977056634973131,0.1,6.7869958044416325,16.926536614561726
91840,Electronics,602,Brazil,Germany,rail,7192.0,4,60,65,6398.15,28.7,no,0,no,autumn,100.0,0.8896204115684093,0.1,7.4727952699398745,15.19981997143669
51277,Clothing,280,USA,China,road,5522.0,2,60,64,5129.78,13.72,no,0,no,autumn,97.7,0.9289713871785584,0.1,8.942350566694532,16.926536614561726
10818,Food,869,UK,France,sea,8659.0,5,60,69,0.0,18.3,no,0,no,spring,94.0,0.0,0.1,5.37472859591306,8.823788990938434
13414,Clothing,168,India,USA,sea,11137.0,3,60,64,0.0,13.83,no,0,no,summer,99.9,0.0,0.1,4.748931798967695,8.823788990938434
4646,Food,922,Brazil,Japan,sea,4669.0,6,60,68,0.0,9.35,no,0,no,autumn,92.6,0.0,0.1,6.287675161251058,8.823788990938434
24831,Food,220,China,Japan,road,12883.0,3,60,67,15347.05,33.46,no,0,no,summer,98.3,1.1912636808196848,0.1,5.234943233597989,16.926536614561726
51478,Machinery,135,Brazil,China,rail,12062.0,2,60,63,13672.83,16.11,no,0,no,autumn,99.3,1.1335458464599568,0.1,9.999477503265345,15.19981997143669
60477,Pharma,927,China,France,sea,9943.0,2,60,65,0.0,31.06,yes,11,no,winter,99.3,0.0,0.1,4.6932186563876295,8.823788990938434
9888,Pharma,453,UK,Japan,rail,14483.0,3,60,66,14947.18,22.04,no,0,no,autumn,94.2,1.0320499896430297,0.1,11.304273201185529,15.19981997143669
77007,Electronics,655,China,China,rail,4496.0,1,60,64,4404.29,21.87,no,0,no,autumn,93.3,0.9796018683274021,0.1,11.359803220043116,15.19981997143669
80596,Clothing,332,UK,Brazil,road,6504.0,1,60,62,6891.55,15.26,no,0,no,winter,97.4,1.0595864083640836,0.1,11.314149358323391,16.926536614561726
72762,Electronics,989,Japan,France,air,1735.0,2,4,8,7226.49,2.89,no,0,yes,autumn,90.0,4.165123919308357,0.1,5.757941828836583,8.817670958148845
97107,Food,264,USA,UK,road,7546.0,3,60,66,6922.85,20.72,no,0,no,spring,91.1,0.9174198250728863,0.1,7.984701874015646,16.926536614561726
53570,Clothing,772,USA,USA,air,5892.0,4,11,18,35338.63,2.02,no,0,no,summer,93.0,5.997730821452817,0.1,9.879136680000329,8.817670958148845
15627,Machinery,988,France,Germany,sea,8763.0,8,60,69,0.0,13.48,no,0,no,spring,99.0,0.0,0.1,7.029448011046179,8.823788990938434
98423,Electronics,778,USA,UK,rail,4323.0,2,60,66,5045.56,18.23,no,0,no,summer,98.9,1.167143187601203,0.1,5.5708399960465895,15.19981997143669
38862,Clothing,327,UK,India,rail,12629.0,4,60,67,11375.98,15.76,yes,10,no,spring,95.4,0.9007823263916382,0.1,11.06929328649443,15.19981997143669
24548,Machinery,309,USA,Brazil,road,10432.0,4,60,68,8563.17,30.65,no,0,no,summer,96.1,0.8208560199386503,0.1,9.726078347206915,16.926536614561726
78204,Clothing,157,China,Japan,sea,13219.0,4,60,67,0.0,24.53,no,0,no,autumn,90.4,0.0,0.1,4.651281934630158,8.823788990938434
44525,Clothing,645,USA,Japan,rail,10911.0,5,60,69,10992.3,11.09,no,0,no,winter,99.9,1.0074511960406929,0.1,7.792603217714064,15.19981997143669
929,Electronics,675,France,Brazil,sea,7043.0,5,60,69,0.0,16.88,no,0,no,autumn,94.0,0.0,0.1,8.14261397433935,8.823788990938434
30573,Electronics,645,France,China,road,7736.0,4,60,65,6344.55,32.21,yes,6,no,winter,94.8,0.8201331437435367,0.1,11.169262740667442,16.926536614561726
2175,Clothing,756,India,Japan,road,1708.0,10,20,31,1721.78,8.2,no,0,no,summer,99.1,1.0080679156908665,0.1,4.792962417757599,16.926536614561726
63408,Machinery,127,Japan,India,sea,11512.0,6,60,68,0.0,26.03,no,0,no,spring,92.9,0.0,0.1,5.187412307081609,8.823788990938434
15467,Electronics,617,Germany,Japan,sea,8187.0,8,60,72,0.0,7.68,no,0,yes,winter,61.6,0.0,0.1,4.955024358738015,8.823788990938434
21288,Pharma,149,Brazil,Japan,sea,14325.0,6,60,67,0.0,15.22,no,0,no,autumn,99.4,0.0,0.1,6.035493170298327,8.823788990938434
68792,Food,658,China,Japan,sea,13926.0,5,60,69,0.0,12.51,yes,14,no,autumn,95.8,0.0,0.1,11.768280219493018,8.823788990938434
64131,Machinery,69,France,Germany,road,650.0,3,8,14,557.63,2.19,yes,10,no,summer,95.0,0.8578923076923077,0.1,6.179760394991076,16.926536614561726
42631,Electronics,157,Japan,Japan,road,14593.0,5,60,69,17176.28,15.65,no,0,no,summer,93.0,1.1770218597957924,0.1,10.339897106435657,16.926536614561726
48460,Machinery,882,Germany,Japan,air,290.0,5,1,10,1219.95,3.99,no,0,no,summer,97.9,4.206724137931035,0.1,10.647165258556475,8.817670958148845
8286,Clothing,481,Brazil,Germany,sea,10973.0,2,60,63,0.0,25.16,no,0,no,spring,96.1,0.0,0.1,11.56998953942683,8.823788990938434
56545,Machinery,254,USA,USA,sea,1081.0,4,53,59,0.0,21.32,no,0,no,spring,93.5,0.0,0.1,10.225362256506916,8.823788990938434
36138,Clothing,364,Japan,Germany,rail,11105.0,9,60,71,9434.96,31.05,no,0,no,summer,95.1,0.8496136875281404,0.1,7.353304064541729,15.19981997143669
73918,Pharma,252,India,China,rail,8275.0,2,60,66,,9.7,no,0,no,winter,92.5,0.9585643504531722,0.1,11.265262518309633,15.19981997143669
56098,Clothing,99,USA,India,sea,14093.0,3,60,64,0.0,20.87,no,0,no,summer,93.9,0.0,0.1,11.528037795895441,8.823788990938434
25637,Machinery,194,Brazil,UK,air,14831.0,6,30,39,82967.52,6.28,no,0,no,summer,90.5,5.594195940934529,0.1,4.471675174972325,8.817670958148845
59976,Electronics,97,India,India,road,13300.0,2,60,63,15702.58,17.93,no,0,no,winter,98.6,1.1806451127819548,0.1,5.8749065575721495,16.926536614561726
63100,Pharma,386,France,Japan,sea,8816.0,3,60,64,0.0,11.01,no,0,no,summer,94.9,0.0,0.1,10.340694422389515,8.823788990938434
56513,Pharma,247,Germany,China,road,8993.0,4,60,68,8760.3,12.27,no,0,no,winter,99.6,0.9741243189147114,0.1,6.495608050087591,16.926536614561726
68414,Electronics,673,India,Japan,road,2960.0,7,37,47,3292.67,8.86,no,0,no,summer,99.6,1.1123885135135136,0.1,4.968891030059855,16.926536614561726
24264,Pharma,282,France,Japan,sea,8387.0,3,60,64,0.0,20.11,yes,6,no,autumn,99.3,0.0,0.1,5.060055955233975,8.823788990938434
60420,Machinery,280,UK,Germany,road,843.0,4,10,16,700.94,5.07,no,0,no,autumn,99.9,0.8314827995255042,0.1,5.757520798969358,16.926536614561726
53043,Clothing,223,Japan,Brazil,road,6534.0,6,60,68,5578.33,7.08,no,0,no,autumn,91.8,0.8537389041934497,0.1,4.8341564955402045,16.926536614561726
92131,Machinery,70,Germany,France,sea,5994.0,7,60,71,0.0,30.52,yes,4,no,summer,98.3,0.0,0.1,4.855397717020321,8.823788990938434
62661,Clothing,326,UK,China,sea,2011.0,4,60,66,0.0,28.5,yes,3,no,autumn,93.1,0.0,0.1,7.256989835022532,8.823788990938434
24014,Food,26,India,Japan,sea,12234.0,5,60,68,0.0,26.41,no,0,no,winter,92.4,0.0,0.1,5.929397786340492,8.823788990938434
12043,Clothing,326,France,France,air,1433.0,1,4,9,6369.43,0.96,no,0,no,winter,97.3,4.444822051639917,0.1,11.744710483951025,8.817670958148845
49784,Pharma,930,India,USA,sea,6103.0,4,60,68,0.0,13.25,no,0,no,autumn,96.9,0.0,0.1,8.937901924216332,8.823788990938434
76815,Pharma,850,China,Japan,road,6230.0,5,60,69,6741.59,33.16,no,0,no,spring,91.5,1.0821171749598717,0.1,10.247594863877538,16.926536614561726
15395,Pharma,738,USA,UK,sea,7218.0,7,60,71,0.0,20.4,no,0,no,autumn,94.4,0.0,0.1,5.66152928560988,8.823788990938434
73797,Food,440,Japan,China,sea,5664.0,2,60,63,0.0,17.95,no,0,no,spring,94.9,0.0,0.1,8.874403006262622,8.823788990938434
50179,Clothing,626,UK,Brazil,sea,12267.0,5,60,66,0.0,24.92,no,0,no,spring,92.7,0.0,0.1,8.74991216741498,8.823788990938434
94485,Food,288,Germany,Brazil,sea,11241.0,3,60,64,0.0,27.05,no,0,no,spring,90.9,0.0,0.1,9.032279488824305,8.823788990938434
115,Electronics,258,China,Germany,road,14978.0,5,60,66,14823.12,19.84,no,0,no,summer,99.5,0.9896595006008814,0.1,4.151058063998929,16.926536614561726
60900,Machinery,874,China,Brazil,sea,14554.0,2,60,63,0.0,10.55,yes,8,no,summer,98.1,0.0,0.1,4.39543486355047,8.823788990938434
59781,Food,245,UK,Japan,sea,731.0,3,37,44,0.0,18.91,no,0,no,winter,,0.0,0.1,5.638236085960273,8.823788990938434
62200,Food,672,India,China,sea,13617.0,6,60,67,0.0,24.95,no,0,no,autumn,91.4,0.0,0.1,7.225873417671505,8.823788990938434
76634,Pharma,572,China,China,sea,12549.0,3,60,67,0.0,32.7,no,0,no,winter,90.8,0.0,0.1,11.394323957149748,8.823788990938434
37379,Pharma,123,Brazil,India,sea,9548.0,3,60,65,0.0,20.31,no,0,no,summer,91.8,0.0,0.1,8.318587104612945,8.823788990938434
6730,Food,475,Japan,UK,sea,468.0,7,23,34,0.0,11.97,yes,10,no,summer,91.7,0.0,0.1,6.033931197724462,8.823788990938434
5905,Pharma,887,Japan,Japan,road,1476.0,6,18,27,1674.19,10.0,no,0,no,winter,99.2,1.1342750677506774,0.1,6.60195210567923,16.926536614561726
65967,Electronics,957,USA,Germany,air,13266.0,4,26,34,58408.17,7.81,yes,13,no,summer,93.4,4.402847127996382,0.1,4.9605552688631365,8.817670958148845
14530,Food,615,India,Japan,rail,4409.0,8,60,69,5079.74,25.69,no,0,no,spring,98.6,1.1521297346337038,0.1,7.208630919222214,15.19981997143669
65586,Machinery,975,Brazil,UK,road,4908.0,4,60,68,3999.2,7.0,no,0,no,spring,96.1,0.8148329258353708,0.1,10.767109415223025,16.926536614561726
7336,Food,190,Japan,India,road,5542.0,1,60,64,6282.45,19.66,no,0,no,autumn,95.5,1.1336070010826416,0.1,7.6310369633698185,16.926536614561726
88468,Pharma,546,China,France,sea,10485.0,2,60,65,0.0,12.47,no,0,no,summer,99.9,0.0,0.1,11.528179912708017,8.823788990938434
38224,Food,975,USA,India,road,5292.0,5,60,67,4625.77,11.47,no,0,no,autumn,94.4,0.8741061980347695,0.1,9.800224469959659,16.926536614561726
58175,Machinery,953,Brazil,Japan,air,13708.0,3,28,33,,8.78,no,0,no,autumn,,5.460477823168953,0.1,9.79931184533633,8.817670958148845
89551,Pharma,737,Japan,USA,road,11848.0,6,60,67,11700.93,18.35,no,0,no,autumn,95.4,0.9875869345037137,0.1,4.2713666620591875,16.926536614561726
4163,Food,56,India,Germany,sea,178.0,3,8,14,0.0,3.82,yes,5,no,summer,92.8,0.0,0.1,11.893162775965031,8.823788990938434
38540,Clothing,849,India,Germany,road,2747.0,2,34,37,2536.75,13.34,no,0,no,winter,94.8,0.923461958500182,0.1,5.704752441296622,16.926536614561726
69510,Pharma,724,Japan,UK,road,12101.0,1,60,64,10171.9,6.8,no,0,no,autumn,97.2,0.840583422857615,0.1,11.882412381792165,16.926536614561726
33889,Electronics,41,USA,USA,sea,1829.0,3,60,66,0.0,32.6,yes,5,no,spring,96.8,0.0,0.1,10.630625458709929,8.823788990938434
38622,Electronics,521,India,USA,sea,5505.0,6,60,68,0.0,33.13,no,0,no,summer,,0.0,0.1,8.824320850667434,8.823788990938434
96588,Pharma,316,Germany,France,sea,2451.0,5,60,68,0.0,18.23,no,0,yes,winter,71.9,0.0,0.1,11.807839860253353,8.823788990938434
10619,Food,876,UK,Japan,air,11251.0,4,22,29,65087.05,13.14,no,0,no,winter,93.0,5.785001333214826,0.1,10.247058335203942,8.817670958148845
38358,Electronics,459,Brazil,China,rail,10025.0,7,60,70,9981.1,17.32,no,0,no,spring,97.4,0.9956209476309227,0.1,8.131534001218482,15.19981997143669
42506,Machinery,278,USA,Germany,road,6928.0,5,60,67,6229.22,15.6,no,0,no,autumn,96.7,0.8991368360277137,0.1,10.380506403242443,16.926536614561726
32808,Machinery,3,Germany,USA,sea,8834.0,3,60,64,0.0,17.58,no,0,no,spring,97.8,0.0,0.1,5.553700588148339,8.823788990938434
56781,Clothing,217,India,UK,road,950.0,2,11,17,900.7,1.96,no,0,no,spring,99.8,0.9481052631578948,0.1,5.588719110527149,16.926536614561726
40369,Electronics,766,Germany,Germany,road,8276.0,5,60,66,6920.39,17.32,no,0,no,spring,94.7,0.8361998550024167,0.1,9.607123597328226,16.926536614561726
32387,Machinery,962,USA,India,rail,12569.0,2,60,63,12243.44,20.99,no,0,no,summer,96.2,0.9740981780571247,0.1,11.152434406873489,15.19981997143669
17774,Electronics,37,Japan,China,air,13865.0,3,27,33,83184.55,10.26,no,0,no,winter,99.8,5.999606923909124,0.1,5.434496623743039,8.817670958148845
61122,Electronics,388,India,USA,road,3231.0,4,39,45,3291.39,6.58,yes,9,no,spring,96.0,1.0186908077994428,0.1,4.546683436368484,16.926536614561726
17973,Machinery,365,USA,Germany,road,5679.0,4,60,66,6423.42,12.1,no,0,no,winter,97.2,1.1310829371368198,0.1,8.912489988074086,16.926536614561726
64305,Food,133,Brazil,Japan,sea,5228.0,3,60,65,0.0,6.84,no,0,no,summer,91.4,0.0,0.1,9.162941870527515,8.823788990938434
69596,Electronics,568,Japan,Brazil,sea,7870.0,1,60,63,0.0,25.05,no,0,no,winter,97.7,0.0,0.1,10.242441984403204,8.823788990938434
85583,Electronics,203,Brazil,UK,road,6474.0,4,60,66,7485.3,14.6,no,0,no,summer,93.0,1.156209453197405,0.1,6.754545653611032,16.926536614561726
14985,Machinery,338,Japan,UK,air,7751.0,4,16,22,34795.62,2.39,no,0,no,summer,93.7,4.489178170558638,0.1,5.913240863716191,8.817670958148845
34607,Clothing,18,France,USA,sea,4660.0,2,60,63,0.0,16.27,no,0,no,winter,91.4,0.0,0.1,9.922163325201021,8.823788990938434
9495,Food,601,France,Germany,sea,4936.0,5,60,67,0.0,9.57,no,0,no,autumn,99.5,0.0,0.1,4.054155679358255,8.823788990938434
32072,Food,734,China,China,sea,5069.0,5,60,67,0.0,31.75,yes,8,no,winter,95.0,0.0,0.1,10.247308653351816,8.823788990938434
5170,Pharma,799,China,India,road,4689.0,2,60,65,5188.06,17.96,no,0,no,summer,97.8,1.1064320750693113,0.1,10.106886613353765,16.926536614561726
70610,Machinery,379,USA,France,sea,14458.0,2,60,64,0.0,7.55,no,0,no,autumn,94.6,0.0,0.1,5.282245579684695,8.823788990938434
11318,Electronics,470,France,France,road,9244.0,4,60,68,9678.54,25.06,yes,11,no,spring,97.8,1.0470077888360019,0.1,7.4942110473574255,16.926536614561726
42991,Food,489,India,Brazil,sea,5064.0,4,60,65,0.0,25.43,no,0,no,summer,90.6,0.0,0.1,10.25364857248689,8.823788990938434
79977,Food,738,Brazil,UK,sea,13446.0,4,60,65,0.0,25.66,no,0,no,winter,98.7,0.0,0.1,5.6966714960856715,8.823788990938434
60107,Pharma,795,China,Germany,sea,12950.0,4,60,65,0.0,24.94,no,0,no,autumn,91.7,0.0,0.1,9.90568913000174,8.823788990938434
67710,Clothing,998,USA,Germany,sea,10020.0,4,60,67,0.0,14.62,no,0,no,summer,91.5,0.0,0.1,9.631105949742652,8.823788990938434
43943,Electronics,359,Brazil,Japan,sea,13586.0,2,60,65,0.0,15.35,yes,4,no,autumn,91.0,0.0,0.1,7.936528982127526,8.823788990938434
44018,Food,2,France,Japan,sea,12929.0,3,60,64,0.0,13.7,no,0,no,summer,92.2,0.0,0.1,7.403675786584673,8.823788990938434
62413,Pharma,42,Japan,Germany,rail,14506.0,3,60,67,14931.92,31.77,no,0,no,autumn,92.7,1.0293616434578794,0.1,6.199994564905967,15.19981997143669
27785,Pharma,810,USA,UK,air,12680.0,3,25,30,62549.05,14.88,yes,9,no,winter,94.8,4.932890378548896,0.1,7.370859920024435,8.817670958148845
21660,Clothing,48,UK,India,road,7701.0,4,60,67,7576.33,22.74,no,0,no,spring,95.5,0.9838111933515128,0.1,8.66342393190175,16.926536614561726
31376,Pharma,937,UK,France,sea,9263.0,2,60,66,0.0,28.45,no,0,no,autumn,95.1,0.0,0.1,6.539720216629161,8.823788990938434
82861,Machinery,971,Brazil,Germany,sea,12721.0,3,60,65,0.0,31.07,no,0,no,autumn,92.0,0.0,0.1,8.032937653966034,8.823788990938434
13344,Clothing,710,UK,UK,air,4286.0,5,8,17,19748.39,4.66,no,0,no,spring,91.2,4.607650489967336,0.1,5.09983303795002,8.817670958148845
50615,Electronics,99,India,China,road,11096.0,4,60,65,9501.63,14.95,no,0,no,autumn,99.8,0.8563112833453496,0.1,6.203153518364814,16.926536614561726
34824,Machinery,573,USA,USA,rail,6553.0,5,60,66,7391.71,31.41,no,0,no,summer,92.4,1.127988707462231,0.1,8.125963173563086,15.19981997143669
15838,Pharma,624,Japan,China,road,12631.0,3,60,65,10626.68,15.88,no,0,no,spring,90.2,0.8413173937138786,0.1,5.995750126072667,16.926536614561726
85349,Machinery,474,France,Brazil,air,7617.0,4,15,21,40604.98,5.66,no,0,no,winter,91.6,5.3308362872521995,0.1,7.000670937714454,8.817670958148845
56730,Pharma,24,Japan,Germany,rail,11667.0,7,60,69,10717.84,29.03,no,0,no,spring,97.7,0.9186457529784864,0.1,9.49742845148214,15.19981997143669
59923,Clothing,356,USA,UK,road,1253.0,4,13,21,1247.95,3.24,yes,2,no,autumn,99.3,0.9959696727853152,0.1,9.894289250279028,16.926536614561726
33804,Pharma,627,Germany,UK,sea,8886.0,5,60,68,0.0,15.71,no,0,no,autumn,97.9,0.0,0.1,6.5078255506328295,8.823788990938434
19838,Pharma,642,UK,USA,air,6124.0,4,11,17,32084.11,1.81,no,0,no,summer,98.5,5.239077400391901,0.1,7.540640028777569,8.817670958148845
21518,Machinery,916,Brazil,UK,sea,6739.0,2,60,65,0.0,13.66,no,0,no,winter,90.0,0.0,0.1,10.44376385021568,8.823788990938434
91196,Machinery,948,Germany,UK,air,5908.0,3,11,16,25001.62,5.88,yes,13,no,winter,96.3,4.2318246445497625,0.1,10.136547885227188,8.817670958148845
28011,Clothing,265,China,UK,sea,10627.0,3,60,65,0.0,19.36,no,0,no,summer,95.1,0.0,0.1,10.42902812910714,8.823788990938434
30221,Pharma,14,Germany,USA,air,1205.0,2,1,5,4883.47,2.47,no,0,no,autumn,93.4,4.052672199170125,0.1,5.670149943424904,8.817670958148845
65202,Electronics,731,India,Brazil,air,5704.0,5,9,18,33269.75,7.72,yes,8,no,autumn,96.9,5.8327051192145865,0.1,10.870640122183637,8.817670958148845
22262,Machinery,360,UK,Brazil,sea,6131.0,4,60,68,0.0,21.08,no,0,no,winter,96.0,0.0,0.1,10.309801597294888,8.823788990938434
37116,Machinery,726,France,USA,air,12388.0,5,23,30,64104.42,13.61,no,0,no,spring,91.4,5.174719082983533,0.1,8.780647526480818,8.817670958148845
44035,Machinery,895,USA,France,road,5564.0,2,60,66,6005.92,28.04,no,0,no,autumn,92.6,1.0794248741912293,0.1,4.705179642808556,16.926536614561726
55594,Electronics,197,Brazil,Germany,sea,13604.0,3,60,65,0.0,26.56,no,0,no,summer,93.2,0.0,0.1,7.002790937351008,8.823788990938434
34339,Food,365,Japan,Germany,air,7255.0,6,16,23,34818.63,11.36,no,0,no,autumn,94.1,4.799259820813232,0.1,7.230884084248745,8.817670958148845
8951,Clothing,937,UK,Japan,sea,14929.0,4,60,68,0.0,14.82,no,0,no,winter,99.9,0.0,0.1,6.575778453547345,8.823788990938434
52507,Clothing,544,USA,UK,air,12711.0,2,26,29,69963.43,11.43,yes,6,no,winter,90.7,5.504164109826134,0.1,11.042285341709569,8.817670958148845
84700,Electronics,927,UK,France,road,1494.0,7,18,29,1667.15,6.83,yes,10,yes,spring,88.6,1.115896921017403,0.1,11.26532404434,16.926536614561726
28853,Electronics,381,India,India,road,3530.0,2,42,45,4215.55,12.29,no,0,no,summer,93.5,1.1942067988668557,0.1,4.78554421018323,16.926536614561726
48595,Pharma,664,Japan,India,sea,2515.0,6,60,68,0.0,26.73,no,0,no,winter,91.7,0.0,0.1,4.024474292442242,8.823788990938434
73977,Pharma,493,Japan,USA,sea,10422.0,2,60,63,0.0,28.08,no,0,no,summer,95.2,0.0,0.1,9.494216223307856,8.823788990938434
45567,Food,581,Japan,Germany,sea,456.0,6,22,31,0.0,7.13,no,0,yes,spring,55.0,0.0,0.1,9.970565329577049,8.823788990938434
87038,Electronics,87,UK,India,air,11038.0,3,21,25,49354.1,12.4,no,0,no,spring,95.1,4.4712900887842,0.1,11.209931539688228,8.817670958148845
11148,Electronics,815,Germany,China,sea,10896.0,4,60,67,0.0,30.43,no,0,no,autumn,93.9,0.0,0.1,7.266506352292563,8.823788990938434
86810,Machinery,492,India,UK,road,11480.0,3,60,66,13660.63,14.1,no,0,no,winter,96.2,1.1899503484320557,0.1,6.286410385356198,16.926536614561726
72444,Food,348,India,Japan,sea,2135.0,7,60,68,0.0,8.3,no,0,no,autumn,97.7,0.0,0.1,8.791150939633866,8.823788990938434
27725,Food,347,China,Japan,air,8055.0,4,18,24,40538.56,3.28,no,0,no,autumn,95.6,5.032720049658597,0.1,8.992576158558212,8.817670958148845
18093,Pharma,179,China,Brazil,rail,7830.0,3,60,67,8302.31,28.47,no,0,no,winter,92.9,1.0603205619412515,0.1,8.623805545969113,15.19981997143669
85627,Pharma,200,UK,UK,sea,10019.0,2,60,63,0.0,17.69,yes,12,no,autumn,98.0,0.0,0.1,7.593234224417715,8.823788990938434
90867,Food,579,USA,Brazil,rail,8962.0,7,60,68,9184.63,20.46,no,0,no,summer,92.0,1.0248415532247266,0.1,6.284006553741073,15.19981997143669
19357,Clothing,190,UK,Brazil,road,12936.0,5,60,68,14374.81,28.63,no,0,no,winter,99.4,1.1112252628324057,0.1,5.95688216354831,16.926536614561726
32833,Clothing,874,UK,France,sea,8935.0,1,60,64,0.0,9.53,no,0,no,spring,93.0,0.0,0.1,8.421947581571896,8.823788990938434
89333,Clothing,37,Brazil,UK,air,992.0,2,2,6,5566.08,1.89,no,0,no,winter,96.6,5.610967741935484,0.1,10.433641884748948,8.817670958148845
31334,Food,968,Brazil,Germany,sea,11968.0,4,60,66,0.0,27.86,no,0,no,spring,96.3,0.0,0.1,5.470730079632533,8.823788990938434
68941,Food,370,Brazil,USA,sea,7393.0,2,60,65,0.0,19.45,yes,3,no,winter,92.1,0.0,0.1,5.5092275243646265,8.823788990938434
32613,Electronics,395,Brazil,Japan,road,5681.0,5,60,67,4978.62,24.37,yes,4,no,winter,93.5,0.8763633163175497,0.1,5.888058397169113,16.926536614561726
41077,Machinery,260,France,France,road,2747.0,5,34,42,2790.72,19.13,no,0,no,autumn,97.5,1.0159155442300691,0.1,5.600976260364797,16.926536614561726
16784,Pharma,586,UK,France,air,4708.0,3,8,15,22965.57,2.33,no,0,no,autumn,98.9,4.877988530161427,0.1,10.285373772620147,8.817670958148845
41131,Pharma,660,Japan,USA,road,8547.0,3,60,66,9518.43,19.49,no,0,no,spring,91.4,1.1136574236574237,0.1,7.553332973999743,16.926536614561726
78319,Pharma,640,France,USA,air,6043.0,5,13,22,26467.3,7.3,no,0,no,spring,91.9,4.379827900049644,0.1,4.500526092419044,8.817670958148845
72170,Pharma,111,India,Brazil,air,7608.0,2,16,22,,9.43,no,0,no,winter,94.9,4.559475552050473,0.1,11.141828219439988,8.817670958148845
4152,Pharma,204,USA,USA,road,1969.0,7,25,36,2163.19,16.91,no,0,no,spring,99.1,1.0986236668359575,0.1,5.748985798204825,16.926536614561726
2363,Pharma,513,China,Japan,sea,9572.0,2,60,63,0.0,23.25,no,0,no,spring,93.5,0.0,0.1,7.35714522168899,8.823788990938434
51011,Pharma,817,France,France,road,14692.0,1,60,62,17628.43,21.39,no,0,no,summer,91.5,1.1998659134222707,0.1,8.739430485814301,16.926536614561726
18054,Clothing,867,UK,India,air,6817.0,4,12,20,31112.0,6.57,no,0,no,spring,90.1,4.563884406630483,0.1,6.297361543941546,8.817670958148845
72165,Pharma,678,India,France,air,1195.0,3,2,6,6352.38,2.37,no,0,no,summer,99.0,5.315799163179917,0.1,6.496211815073838,8.817670958148845
49025,Electronics,932,Brazil,Japan,sea,13736.0,5,60,69,0.0,32.67,no,0,no,autumn,94.5,0.0,0.1,8.706855635429369,8.823788990938434
80324,Electronics,837,China,Germany,sea,8762.0,1,60,63,0.0,12.89,no,0,no,spring,95.6,0.0,0.1,6.648129763289456,8.823788990938434
24136,Clothing,462,France,France,air,5159.0,8,9,21,23586.95,10.4,no,0,no,spring,98.8,4.57200038767203,0.1,4.741707563744841,8.817670958148845
98556,Machinery,189,India,China,rail,956.0,4,16,23,959.86,4.34,no,0,no,spring,92.0,1.0040376569037657,0.1,11.193052272978218,15.19981997143669
31745,Electronics,699,Japan,UK,rail,7314.0,4,60,66,7024.18,16.96,no,0,no,spring,98.0,0.9603746240087504,0.1,11.65521952413506,15.19981997143669
24934,Pharma,934,France,USA,road,6160.0,3,60,66,6855.01,18.42,yes,9,no,summer,95.8,1.1128262987012987,0.1,8.230879244482466,16.926536614561726
73990,Electronics,720,France,Germany,road,7868.0,5,60,67,9288.26,23.13,no,0,no,spring,96.7,1.1805109303507881,0.1,5.345090729864952,16.926536614561726
43459,Food,833,USA,Japan,sea,3036.0,4,60,67,0.0,19.2,yes,6,no,summer,96.3,0.0,0.1,7.399977511530252,8.823788990938434
35942,Machinery,606,Brazil,Germany,sea,3426.0,5,60,68,0.0,15.06,no,0,no,summer,97.4,0.0,0.1,8.460838520289723,8.823788990938434
11374,Food,613,China,Brazil,sea,10394.0,2,60,65,0.0,22.03,no,0,no,autumn,93.2,0.0,0.1,8.129618097359234,8.823788990938434
2798,Machinery,505,India,Brazil,sea,3628.0,5,60,66,0.0,21.09,no,0,no,autumn,99.3,0.0,0.1,8.513919215768919,8.823788990938434
24114,Pharma,942,France,Japan,sea,5939.0,5,60,66,0.0,29.94,no,0,no,summer,95.9,0.0,0.1,6.53095041778585,8.823788990938434
69044,Machinery,148,Germany,USA,sea,12227.0,6,60,70,,10.13,no,0,no,autumn,91.5,0.0,0.1,5.733078757881802,8.823788990938434
52979,Food,167,Japan,France,road,1004.0,5,12,20,1050.59,2.08,no,0,no,summer,93.4,1.0464043824701195,0.1,9.891813502612678,16.926536614561726
10409,Clothing,784,Japan,Germany,rail,13931.0,2,60,65,14582.02,29.38,no,0,yes,winter,84.6,1.0467317493360133,0.1,11.598398130955786,15.19981997143669
89556,Clothing,619,Germany,Germany,sea,10829.0,5,60,69,0.0,33.4,no,0,no,autumn,98.1,0.0,0.1,6.594372840930603,8.823788990938434
90464,Clothing,508,Japan,Brazil,sea,1700.0,2,60,64,0.0,20.02,no,0,no,summer,93.9,0.0,0.1,11.253915851628093,8.823788990938434
7317,Food,850,Japan,Brazil,road,6459.0,7,60,71,7741.54,9.5,no,0,no,autumn,94.3,1.1985663415389378,0.1,6.469202970074397,16.926536614561726
4546,Food,928,UK,India,air,11959.0,5,24,31,64847.84,6.66,no,0,no,spring,91.1,5.42251358809265,0.1,8.889849662103195,8.817670958148845
54916,Food,370,Germany,Germany,sea,12298.0,7,60,70,0.0,27.74,no,0,no,autumn,99.1,0.0,0.1,9.418848288661673,8.823788990938434
11505,Clothing,697,UK,USA,rail,14430.0,1,60,63,14543.95,12.39,yes,8,no,spring,91.8,1.007896742896743,0.1,5.215930107307367,15.19981997143669
30850,Electronics,943,UK,Japan,sea,2876.0,5,60,68,0.0,25.47,no,0,no,autumn,99.4,0.0,0.1,10.760204798026605,8.823788990938434
59439,Food,717,China,UK,sea,2049.0,4,60,68,0.0,31.69,no,0,no,autumn,,0.0,0.1,9.111512864068558,8.823788990938434
25522,Pharma,742,Brazil,UK,sea,5626.0,4,60,67,0.0,30.97,no,0,no,summer,94.1,0.0,0.1,11.699922431235983,8.823788990938434
19982,Clothing,969,Germany,USA,sea,12436.0,5,60,69,0.0,31.56,no,0,no,winter,96.6,0.0,0.1,7.7911670830169255,8.823788990938434
64722,Electronics,892,Brazil,Germany,sea,2413.0,4,60,68,0.0,24.43,no,0,no,winter,94.1,0.0,0.1,8.428671199468042,8.823788990938434
78228,Machinery,71,Japan,Brazil,sea,581.0,5,28,36,0.0,17.33,no,0,no,autumn,91.6,0.0,0.1,11.251832228921192,8.823788990938434
97908,Clothing,710,Japan,China,road,14471.0,2,60,64,13707.52,28.11,no,0,no,summer,98.9,0.9472406882730979,0.1,10.669499307148692,16.926536614561726
47700,Pharma,680,Japan,Japan,sea,7923.0,3,60,66,0.0,20.27,yes,4,no,winter,93.0,0.0,0.1,8.520500960204995,8.823788990938434
77636,Food,243,France,Germany,road,1945.0,4,24,30,1866.64,9.94,no,0,no,autumn,100.0,0.9597120822622108,0.1,9.733750155984236,16.926536614561726
24036,Pharma,394,India,USA,sea,8479.0,5,60,69,0.0,27.04,no,0,no,spring,93.8,0.0,0.1,9.68441085016714,8.823788990938434
96252,Pharma,154,UK,France,road,7984.0,4,60,66,7346.07,7.76,no,0,no,summer,99.3,0.9200989478957915,0.1,4.196938938389552,16.926536614561726
84914,Clothing,703,UK,India,rail,7105.0,3,60,66,6170.2,24.14,no,0,no,spring,93.9,0.8684306826178747,0.1,5.5093127582652315,15.19981997143669
33320,Machinery,125,Japan,China,sea,5445.0,6,60,70,0.0,34.08,no,0,no,summer,96.0,0.0,0.1,8.493510763417163,8.823788990938434
18733,Food,785,Brazil,Brazil,sea,11037.0,3,60,65,0.0,11.48,yes,7,no,autumn,90.1,0.0,0.1,4.494104993079563,8.823788990938434
72181,Food,168,India,UK,sea,3888.0,2,60,65,0.0,31.19,no,0,no,winter,92.5,0.0,0.1,5.4541562953758715,8.823788990938434
63744,Electronics,365,Brazil,China,sea,4665.0,4,60,67,0.0,21.98,no,0,no,spring,92.1,0.0,0.1,4.506812036974311,8.823788990938434
48528,Machinery,635,China,India,road,2522.0,4,31,36,2862.38,8.28,no,0,no,summer,96.0,1.1349643140364791,0.1,8.083516792753983,16.926536614561726
96309,Clothing,45,India,Germany,air,10767.0,8,20,32,55115.7,14.43,no,0,no,summer,98.1,5.11894678183338,0.1,6.335931008798846,8.817670958148845
74498,Machinery,794,USA,India,air,2022.0,3,4,10,11079.48,3.04,no,0,no,autumn,91.2,5.47946587537092,0.1,10.732310176546246,8.817670958148845
56599,Clothing,888,Brazil,India,sea,3401.0,6,60,67,0.0,33.27,no,0,no,spring,91.6,0.0,0.1,11.864634325726303,8.823788990938434
96261,Clothing,974,Germany,France,road,9279.0,4,60,66,9279.02,9.71,no,0,no,spring,93.9,1.0000021554046772,0.1,6.727824540314069,16.926536614561726
82212,Pharma,706,Germany,USA,sea,12545.0,5,60,66,0.0,18.63,no,0,no,summer,97.6,0.0,0.1,4.529533179100839,8.823788990938434
82020,Pharma,305,India,China,road,9595.0,3,60,67,,16.6,no,0,no,summer,90.1,1.0665419489317352,0.1,11.614191566978128,16.926536614561726
30418,Clothing,799,India,UK,road,8985.0,3,60,67,10313.78,16.24,no,0,no,summer,99.6,1.1478887033945466,0.1,5.5740612934389056,16.926536614561726
6844,Food,353,France,India,sea,2139.0,2,60,64,0.0,18.38,no,0,no,winter,93.5,0.0,0.1,4.565618524150262,8.823788990938434
9854,Clothing,554,USA,Brazil,sea,1241.0,5,60,68,0.0,11.13,no,0,no,summer,95.0,0.0,0.1,7.220035609659318,8.823788990938434
46218,Electronics,141,Brazil,Germany,road,4286.0,3,54,61,4634.24,23.57,yes,10,no,winter,92.2,1.081250583294447,0.1,8.500652986759679,16.926536614561726
48404,Food,836,France,UK,road,2616.0,3,32,38,2842.99,13.71,no,0,no,autumn,94.1,1.086769877675841,0.1,4.7520138951724045,16.926536614561726
62855,Clothing,660,India,USA,road,9282.0,2,60,65,8962.06,13.94,no,0,no,summer,95.9,0.9655311355311355,0.1,9.929481153421925,16.926536614561726
39814,Machinery,374,France,Brazil,sea,9226.0,6,60,68,0.0,21.99,yes,3,no,summer,94.5,0.0,0.1,7.033781423241507,8.823788990938434
91765,Clothing,920,Japan,UK,sea,7566.0,7,60,69,0.0,24.41,yes,1,no,spring,93.5,0.0,0.1,6.8321362051945,8.823788990938434
98805,Machinery,58,France,India,rail,7163.0,2,60,65,7978.91,31.41,no,0,no,autumn,94.7,1.1139061845595422,0.1,6.628800317523187,15.19981997143669
23000,Machinery,609,UK,Germany,sea,12758.0,5,60,67,0.0,14.7,no,0,no,summer,96.3,0.0,0.1,5.79697321173282,8.823788990938434
82606,Food,406,China,USA,sea,10919.0,5,60,67,0.0,6.97,no,0,no,summer,98.5,0.0,0.1,9.53822911388302,8.823788990938434
84015,Machinery,190,Brazil,China,sea,11292.0,2,60,66,0.0,26.83,no,0,no,summer,96.3,0.0,0.1,10.832586637963587,8.823788990938434
28327,Machinery,518,Germany,China,sea,13321.0,6,60,68,0.0,14.95,no,0,no,summer,93.4,0.0,0.1,7.75893809654666,8.823788990938434
76915,Clothing,309,France,USA,air,12814.0,1,26,30,58343.74,3.4,no,0,no,winter,95.3,4.553124707351334,0.1,8.202713519418205,8.817670958148845
61653,Machinery,196,China,India,air,14171.0,4,28,36,61818.01,16.64,no,0,yes,winter,86.0,4.362289887799026,0.1,10.43579108335355,8.817670958148845
58992,Pharma,617,France,USA,sea,8177.0,8,60,71,0.0,30.83,no,0,no,summer,92.7,0.0,0.1,6.428006337293863,8.823788990938434
20275,Food,92,USA,USA,sea,8886.0,3,60,66,0.0,17.09,no,0,no,summer,94.6,0.0,0.1,7.0137668465777,8.823788990938434
74018,Pharma,57,UK,China,rail,5005.0,3,60,66,4299.33,8.61,no,0,yes,spring,50.9,0.859006993006993,0.1,7.08325780380221,15.19981997143669
16130,Machinery,995,India,Japan,air,12974.0,6,25,33,61996.75,11.48,no,0,no,autumn,96.6,4.778537844920611,0.1,4.646973930402816,8.817670958148845
42948,Machinery,177,France,Japan,road,14060.0,3,60,65,12488.9,24.41,yes,4,no,winter,94.7,0.88825746799431,0.1,4.507984735573416,16.926536614561726
56276,Pharma,640,Japan,France,sea,1326.0,3,60,64,0.0,13.94,no,0,no,winter,96.4,0.0,0.1,11.51708125849003,8.823788990938434
6314,Food,284,India,Japan,air,14252.0,2,29,35,,17.18,no,0,no,autumn,99.8,5.7719983160258215,0.1,6.535722120215081,8.817670958148845
29392,Electronics,955,USA,India,road,14676.0,5,60,67,16151.0,29.48,no,0,no,winter,92.7,1.1005042245843555,0.1,7.129439417918116,16.926536614561726
19527,Electronics,356,USA,France,sea,1530.0,2,60,66,0.0,21.29,no,0,no,summer,93.2,0.0,0.1,6.964990180441152,8.823788990938434
11862,Food,28,China,Brazil,sea,7657.0,4,60,68,0.0,16.25,no,0,no,summer,97.6,0.0,0.1,5.226069812561305,8.823788990938434
47454,Machinery,63,UK,Japan,sea,4565.0,5,60,68,0.0,10.29,yes,7,no,spring,90.3,0.0,0.1,6.035566007208403,8.823788990938434
29455,Clothing,100,India,France,air,12862.0,1,24,28,65836.48,5.47,no,0,no,autumn,99.3,5.1186813870315655,0.1,7.965591256386211,8.817670958148845
67927,Pharma,959,Brazil,India,sea,4486.0,3,60,66,0.0,21.04,no,0,no,spring,98.2,0.0,0.1,5.451760538194,8.823788990938434
36926,Machinery,623,China,Brazil,sea,12154.0,4,60,65,0.0,20.65,yes,2,no,spring,97.0,0.0,0.1,10.049415478785061,8.823788990938434
73826,Food,100,Germany,France,sea,12825.0,4,60,68,0.0,31.68,no,0,no,spring,96.0,0.0,0.1,5.07689833325516,8.823788990938434
7202,Electronics,860,USA,China,sea,11087.0,3,60,64,0.0,7.0,yes,7,no,spring,,0.0,0.1,6.926475780795882,8.823788990938434
20173,Clothing,477,Brazil,India,road,1087.0,4,13,19,891.67,2.89,no,0,no,spring,90.0,0.8203035878564857,0.1,11.381555337138849,16.926536614561726
82039,Food,979,France,UK,sea,11861.0,5,60,66,0.0,9.2,yes,4,no,summer,97.3,0.0,0.1,4.095085702906674,8.823788990938434
81480,Pharma,847,USA,USA,road,5550.0,3,60,64,6070.09,28.38,no,0,no,winter,95.1,1.09370990990991,0.1,4.001832629881457,16.926536614561726
42658,Machinery,581,India,Brazil,sea,4237.0,1,60,63,0.0,28.93,no,0,no,autumn,92.8,0.0,0.1,10.053691174485571,8.823788990938434
41456,Food,243,France,Japan,sea,14930.0,5,60,66,0.0,27.31,no,0,no,spring,93.2,0.0,0.1,8.251931663310504,8.823788990938434
59251,Machinery,339,France,France,sea,7872.0,4,60,66,0.0,8.14,no,0,no,spring,96.5,0.0,0.1,9.00569066167973,8.823788990938434
70347,Food,309,France,USA,road,4244.0,3,54,59,3857.51,27.35,no,0,no,winter,98.8,0.9089326107445806,0.1,7.628851079146728,16.926536614561726
41649,Food,173,France,India,sea,6621.0,2,60,65,0.0,28.34,no,0,no,spring,94.5,0.0,0.1,7.029707674342108,8.823788990938434
88791,Machinery,34,China,Brazil,sea,9915.0,2,60,64,0.0,12.12,no,0,no,autumn,97.9,0.0,0.1,6.3538690274810286,8.823788990938434
74053,Machinery,659,Germany,France,road,2934.0,8,37,46,3285.9,9.65,no,0,no,summer,99.0,1.1199386503067486,0.1,11.092154582112123,16.926536614561726
31079,Electronics,309,France,India,rail,12587.0,3,60,64,14617.16,10.91,no,0,no,winter,100.0,1.1612902200683244,0.1,9.209756466362728,15.19981997143669
58795,Machinery,642,France,France,road,12608.0,4,60,67,10446.81,19.86,no,0,no,summer,99.3,0.8285858185279188,0.1,7.97174424082438,16.926536614561726
49036,Electronics,715,UK,India,road,8149.0,3,60,65,8211.99,23.04,no,0,no,spring,99.2,1.007729782795435,0.1,11.955734047027567,16.926536614561726
96033,Electronics,612,USA,France,road,8943.0,3,60,64,9398.74,11.37,no,0,no,autumn,96.3,1.050960527787096,0.1,5.529234324486511,16.926536614561726
78823,Pharma,478,Japan,Germany,sea,13122.0,2,60,64,0.0,13.07,yes,2,no,autumn,99.3,0.0,0.1,11.123993753547044,8.823788990938434
90308,Food,39,Germany,UK,road,428.0,4,5,13,484.16,2.45,no,0,no,summer,90.1,1.131214953271028,0.1,9.690629173212368,16.926536614561726
57769,Clothing,734,Germany,USA,air,12271.0,5,23,32,62515.04,15.96,no,0,no,winter,98.0,5.094535082715345,0.1,4.828937887902046,8.817670958148845
55139,Food,26,USA,France,sea,14140.0,5,60,69,0.0,15.56,no,0,no,autumn,92.7,0.0,0.1,8.861561059240406,8.823788990938434
91691,Electronics,130,France,UK,sea,10045.0,4,60,66,0.0,26.45,no,0,no,autumn,90.6,0.0,0.1,7.032411610793244,8.823788990938434
7337,Clothing,759,UK,India,air,6920.0,5,13,22,37872.7,2.43,no,0,no,summer,91.8,5.47293352601156,0.1,4.556261686912978,8.817670958148845
25926,Machinery,994,France,Japan,rail,8951.0,6,60,69,9555.4,31.88,no,0,no,summer,92.4,1.0675231817674002,0.1,7.778177742324566,15.19981997143669
29414,Machinery,190,Brazil,Brazil,sea,3178.0,4,60,66,0.0,9.99,no,0,no,autumn,95.1,0.0,0.1,5.666699293425691,8.823788990938434
91855,Clothing,132,Japan,China,sea,1929.0,1,60,65,0.0,13.54,yes,5,no,autumn,94.4,0.0,0.1,10.658951548040147,8.823788990938434
52828,Pharma,726,Germany,China,road,12841.0,2,60,63,13828.43,21.96,yes,9,no,winter,96.0,1.0768966591386964,0.1,10.103719436625457,16.926536614561726
62998,Machinery,33,USA,Germany,road,4117.0,6,51,61,4167.31,9.83,no,0,no,spring,95.8,1.0122200631527813,0.1,9.608982196040945,16.926536614561726
67870,Clothing,265,Brazil,Brazil,air,960.0,4,3,10,5019.14,4.94,no,0,no,autumn,95.7,5.228270833333334,0.1,11.829497783665548,8.817670958148845
34911,Machinery,75,France,UK,sea,11280.0,2,60,65,0.0,25.37,no,0,no,autumn,94.1,0.0,0.1,11.847168956755585,8.823788990938434
1550,Pharma,29,India,USA,sea,935.0,3,46,51,0.0,18.51,no,0,no,summer,91.9,0.0,0.1,4.204342488565107,8.823788990938434
28304,Food,423,Germany,China,sea,1040.0,3,52,57,0.0,10.53,no,0,no,summer,90.4,0.0,0.1,4.007342486695491,8.823788990938434
50012,Food,806,China,China,air,10194.0,5,20,27,49773.31,3.06,no,0,no,spring,92.1,4.882608397096331,0.1,10.930241191969088,8.817670958148845
19665,Food,305,USA,France,sea,8436.0,8,60,70,0.0,25.02,no,0,no,spring,,0.0,0.1,4.6255799921035825,8.823788990938434
65881,Clothing,506,Japan,Japan,sea,4861.0,4,60,67,0.0,23.35,no,0,no,autumn,98.5,0.0,0.1,10.482162184376609,8.823788990938434
66583,Clothing,886,India,USA,rail,8741.0,5,60,66,8512.87,12.44,no,0,no,summer,90.9,0.9739011554742021,0.1,8.591214352870404,15.19981997143669
73016,Machinery,512,USA,UK,road,9330.0,5,60,68,8088.04,14.23,no,0,yes,summer,77.6,0.8668853161843515,0.1,10.820670295463259,16.926536614561726
69026,Electronics,110,Germany,USA,road,10110.0,2,60,64,9431.34,27.36,yes,11,no,winter,96.6,0.9328724035608309,0.1,7.436457885416227,16.926536614561726
46017,Electronics,56,China,Germany,road,7963.0,5,60,68,7155.03,7.2,no,0,no,summer,91.7,0.8985344719326886,0.1,11.207707211172554,16.926536614561726
789,Electronics,151,Japan,Japan,road,7780.0,3,60,65,8908.87,25.45,no,0,no,summer,99.8,1.1450989717223652,0.1,6.867790799166892,16.926536614561726
61729,Machinery,968,Brazil,India,road,5052.0,2,60,64,5029.32,13.6,no,0,no,autumn,95.2,0.9955106888361045,0.1,4.54870370164227,16.926536614561726
62976,Pharma,971,UK,India,air,12434.0,5,25,34,52869.38,14.54,no,0,no,spring,90.1,4.252000965095705,0.1,6.669140383558256,8.817670958148845
38309,Food,886,Brazil,UK,sea,3452.0,2,60,63,0.0,9.74,no,0,no,spring,95.1,0.0,0.1,7.902132268728791,8.823788990938434
83564,Machinery,82,Brazil,UK,road,3624.0,5,47,56,2986.94,20.04,no,0,no,summer,92.7,0.824210816777042,0.1,10.417338758694354,16.926536614561726
86111,Pharma,321,Germany,India,sea,13230.0,4,60,65,0.0,20.73,no,0,no,spring,95.2,0.0,0.1,5.796740214246559,8.823788990938434
65238,Food,386,Japan,Germany,sea,12275.0,3,60,64,0.0,19.45,no,0,no,autumn,92.9,0.0,0.1,10.532037380438513,8.823788990938434
9843,Pharma,97,Japan,USA,road,4108.0,6,49,56,4488.93,26.97,yes,7,no,summer,92.8,1.0927288218111004,0.1,4.800444422462058,16.926536614561726
88064,Food,349,France,UK,air,2734.0,3,6,10,16187.75,4.43,no,0,no,winter,95.6,5.9209034381858086,0.1,8.560268887492375,8.817670958148845
16099,Machinery,300,Japan,France,sea,8027.0,3,60,64,0.0,14.86,no,0,no,autumn,94.1,0.0,0.1,5.571240692283677,8.823788990938434
97293,Pharma,535,Brazil,Japan,road,2896.0,3,35,40,3348.13,10.07,yes,12,no,spring,90.7,1.1561222375690607,0.1,8.16474860595017,16.926536614561726
57504,Machinery,74,UK,Brazil,sea,11887.0,3,60,67,,28.64,no,0,no,winter,91.4,0.0,0.1,11.046275543280622,8.823788990938434
81968,Electronics,404,Brazil,China,air,4514.0,5,7,13,20666.76,2.18,no,0,no,summer,96.0,4.578369517058041,0.1,4.845797608365789,8.817670958148845
36981,Food,55,UK,USA,rail,871.0,5,13,19,960.07,2.18,no,0,no,winter,92.3,1.1022617680826636,0.1,9.646711054344223,15.19981997143669
82774,Food,926,Japan,UK,road,14870.0,2,60,64,14407.68,8.86,no,0,no,spring,96.6,0.9689092131809012,0.1,5.530757555537176,16.926536614561726
89505,Machinery,375,USA,USA,sea,8131.0,7,60,71,0.0,7.51,no,0,no,summer,93.6,0.0,0.1,10.734826733503489,8.823788990938434
69220,Pharma,342,China,India,sea,3376.0,7,60,68,0.0,12.86,no,0,no,spring,98.1,0.0,0.1,9.190637217176906,8.823788990938434
41508,Clothing,282,India,Brazil,rail,1732.0,6,30,37,1630.41,12.27,no,0,no,summer,91.7,0.9413452655889146,0.1,10.972113254253513,15.19981997143669
56406,Clothing,84,Brazil,USA,rail,8814.0,3,60,67,9196.73,9.58,no,0,no,summer,95.8,1.0434229634672112,0.1,6.293102215663682,15.19981997143669
72156,Clothing,52,India,Japan,sea,5587.0,2,60,65,0.0,8.9,no,0,no,winter,94.6,0.0,0.1,4.87689425802616,8.823788990938434
31410,Pharma,938,India,USA,sea,10193.0,3,60,64,0.0,26.95,yes,7,no,winter,94.3,0.0,0.1,10.884553711717663,8.823788990938434
57968,Machinery,936,Brazil,China,air,5677.0,4,11,19,32298.12,7.34,yes,10,no,summer,90.7,5.689293641007574,0.1,10.794368091240772,8.817670958148845
73338,Pharma,887,USA,Germany,sea,2839.0,2,60,63,0.0,12.01,no,0,no,summer,96.5,0.0,0.1,11.904907710259094,8.823788990938434
46421,Food,86,India,Brazil,road,14872.0,4,60,66,,16.65,no,0,no,summer,97.3,0.9910724852071006,0.1,11.321182970450863,16.926536614561726
53830,Food,682,USA,India,road,252.0,5,1,9,254.0,4.01,no,0,no,winter,94.5,1.007936507936508,0.1,7.810527240851664,16.926536614561726
68923,Clothing,452,UK,UK,road,14579.0,6,60,67,14336.99,6.92,no,0,no,autumn,92.3,0.9834000960285342,0.1,5.2672206126971535,16.926536614561726
2213,Pharma,645,Japan,India,sea,6152.0,3,60,66,0.0,21.67,no,0,no,spring,90.1,0.0,0.1,10.160385264841905,8.823788990938434
52540,Machinery,672,Japan,Brazil,sea,13174.0,4,60,67,0.0,26.11,yes,14,no,autumn,97.3,0.0,0.1,6.0948861389999,8.823788990938434
95696,Food,653,USA,USA,sea,6009.0,7,60,69,0.0,24.12,no,0,no,winter,98.6,0.0,0.1,10.364774885982156,8.823788990938434
4832,Electronics,464,Japan,Germany,sea,10681.0,3,60,64,0.0,25.28,yes,8,no,summer,95.9,0.0,0.1,7.864767099548169,8.823788990938434
93051,Electronics,783,China,China,rail,12183.0,4,60,65,14226.52,10.72,no,0,no,autumn,97.3,1.1677353689567431,0.1,8.2194354311819,15.19981997143669
13774,Food,547,China,Germany,sea,10735.0,8,60,72,0.0,11.68,no,0,no,autumn,95.8,0.0,0.1,10.385478496884883,8.823788990938434
98296,Clothing,649,China,China,air,9963.0,4,19,26,45913.25,6.05,no,0,no,autumn,90.1,4.608375991167319,0.1,10.424906790830448,8.817670958148845
37180,Clothing,764,India,Brazil,rail,11650.0,3,60,64,10191.62,17.63,no,0,no,spring,96.8,0.8748171673819743,0.1,7.257274596182748,15.19981997143669
96712,Clothing,174,France,USA,air,1308.0,5,3,12,6277.98,4.28,yes,8,no,winter,92.0,4.7996788990825685,0.1,7.684124412598943,8.817670958148845
57888,Clothing,462,India,USA,sea,9493.0,3,60,64,0.0,28.6,no,0,no,summer,97.7,0.0,0.1,9.455525390889939,8.823788990938434
19525,Food,280,China,Japan,sea,4530.0,5,60,69,0.0,10.49,yes,7,no,autumn,93.5,0.0,0.1,6.988620641353994,8.823788990938434
53278,Electronics,365,China,Japan,sea,9493.0,6,60,68,0.0,18.45,no,0,no,autumn,92.8,0.0,0.1,5.313733365101098,8.823788990938434
62334,Machinery,348,India,UK,sea,4352.0,5,60,68,0.0,27.62,no,0,no,autumn,91.7,0.0,0.1,6.773014672369652,8.823788990938434
36961,Food,490,Japan,Japan,sea,5310.0,4,60,68,0.0,27.42,no,0,no,winter,91.1,0.0,0.1,9.484342369373518,8.823788990938434
22123,Clothing,310,France,Brazil,sea,3456.0,3,60,67,0.0,29.9,no,0,no,spring,94.7,0.0,0.1,8.062994933684822,8.823788990938434
75710,Pharma,208,China,India,sea,4509.0,2,60,64,0.0,23.57,no,0,no,spring,93.0,0.0,0.1,11.398094324399263,8.823788990938434
12967,Machinery,223,Germany,France,rail,9331.0,3,60,65,8072.59,17.52,no,0,no,spring,98.8,0.8651366413031829,0.1,4.378164784311517,15.19981997143669
18167,Machinery,403,India,Brazil,sea,7730.0,4,60,66,0.0,12.79,no,0,no,spring,96.5,0.0,0.1,4.234399490824872,8.823788990938434
35481,Electronics,894,USA,China,air,9608.0,1,20,25,51265.73,10.35,no,0,no,winter,,5.335733763530392,0.1,5.351840929532536,8.817670958148845
95853,Machinery,469,Germany,China,road,14323.0,1,60,62,14157.73,15.68,no,0,no,autumn,98.0,0.988461216225651,0.1,5.734248029518477,16.926536614561726
43296,Pharma,992,UK,China,sea,12166.0,3,60,64,0.0,10.56,no,0,no,spring,93.1,0.0,0.1,6.507572376018986,8.823788990938434
63284,Pharma,793,India,Japan,sea,3054.0,2,60,66,0.0,12.72,no,0,no,spring,98.2,0.0,0.1,6.778380276569216,8.823788990938434
30335,Food,959,China,France,sea,4105.0,5,60,67,0.0,22.08,no,0,no,winter,93.3,0.0,0.1,11.190505238525098,8.823788990938434
71660,Electronics,644,China,Japan,sea,3188.0,3,60,66,0.0,30.82,no,0,no,winter,90.6,0.0,0.1,9.934369876710566,8.823788990938434
65936,Electronics,796,France,Japan,air,6946.0,4,14,20,40131.6,9.53,no,0,no,spring,94.5,5.777656205010078,0.1,11.125051086050693,8.817670958148845
3167,Electronics,744,Germany,UK,road,8584.0,8,60,72,8386.28,26.84,no,0,yes,autumn,86.1,0.9769664492078286,0.1,4.074071483054881,16.926536614561726
68234,Electronics,194,France,China,road,1555.0,2,18,21,1645.0,3.89,no,0,no,autumn,93.3,1.0578778135048232,0.1,7.490537844766562,16.926536614561726
43166,Food,106,Germany,China,rail,4263.0,3,60,64,4341.84,28.7,no,0,no,autumn,98.4,1.018494018296974,0.1,10.897292821377476,15.19981997143669
68967,Machinery,649,Japan,UK,sea,8628.0,4,60,66,0.0,10.24,no,0,yes,spring,73.8,0.0,0.1,9.721591426489208,8.823788990938434
52294,Electronics,76,UK,China,rail,17426.356726123377,3,60,66,6856.56,13.0,no,0,no,autumn,97.6,0.8417088141419102,0.1,11.854550641307739,15.19981997143669
25012,Machinery,56,USA,France,road,3550.0,3,43,48,3396.95,15.94,no,0,no,autumn,94.1,0.9568873239436619,0.1,5.596319714041031,16.926536614561726
97549,Pharma,853,China,India,air,9111.0,8,17,26,49272.78,10.39,no,0,no,spring,95.1,5.408054000658544,0.1,9.354997861577031,8.817670958148845
46129,Food,338,China,Japan,sea,8595.0,4,60,66,0.0,16.19,no,0,yes,autumn,66.7,0.0,0.1,8.200614609979482,8.823788990938434
39184,Electronics,148,USA,France,sea,14831.0,3,60,67,0.0,25.42,no,0,no,autumn,93.0,0.0,0.1,5.265252698257898,8.823788990938434
77745,Machinery,669,France,Japan,sea,2925.0,4,60,68,0.0,32.28,yes,10,no,spring,92.6,0.0,0.1,11.907519773220969,8.823788990938434
75308,Pharma,812,UK,UK,air,7237.0,1,13,16,,2.33,no,0,no,autumn,96.2,4.893715628022662,0.1,4.036115259389027,8.817670958148845
9846,Food,174,France,Brazil,rail,12020.0,1,60,62,9935.51,18.09,no,0,no,summer,90.3,0.82658153078203,0.1,9.155134760305952,15.19981997143669
39549,Food,498,USA,China,sea,9015.0,3,60,67,0.0,20.68,no,0,no,spring,97.9,0.0,0.1,5.606368976357118,8.823788990938434
24935,Electronics,922,India,USA,sea,10247.0,3,60,66,0.0,7.91,yes,2,no,summer,97.7,0.0,0.1,11.347436877878675,8.823788990938434
28602,Food,887,Germany,Germany,sea,4815.0,3,60,67,0.0,30.01,yes,9,no,winter,92.5,0.0,0.1,8.506364729163046,8.823788990938434
19125,Clothing,116,Germany,Brazil,rail,9002.0,6,60,70,7317.49,25.03,no,0,yes,winter,81.0,0.8128738058209286,0.1,10.557375370731446,15.19981997143669
47494,Clothing,540,India,Japan,air,7751.0,4,15,21,33355.21,2.44,no,0,no,autumn,92.9,4.303342794478132,0.1,9.875385110597193,8.817670958148845
10982,Food,168,Germany,USA,sea,660.0,5,31,39,0.0,6.14,no,0,yes,summer,58.0,0.0,0.1,10.117818429855738,8.823788990938434
12770,Electronics,667,Japan,India,air,6039.0,5,12,20,34253.02,5.04,no,0,yes,spring,76.9,5.671968869018049,0.1,9.957588490184209,8.817670958148845
89013,Pharma,253,Brazil,UK,sea,3853.0,2,60,63,0.0,20.76,no,0,yes,summer,51.6,0.0,0.1,10.083552369977618,8.823788990938434
72812,Food,431,India,Brazil,road,11596.0,6,60,69,9864.41,25.72,no,0,no,summer,95.1,0.8506735081062435,0.1,8.8012196976021,16.926536614561726
50207,Machinery,749,USA,China,air,3257.0,4,6,14,17599.34,3.05,yes,2,no,winter,92.2,5.403543137856923,0.1,11.23076013291744,8.817670958148845
80996,Pharma,183,India,Germany,rail,12344.0,4,60,66,12390.34,31.81,no,0,no,winter,96.8,1.0037540505508749,0.1,5.348810225271671,15.19981997143669
15836,Clothing,444,Brazil,Brazil,sea,219.0,3,10,17,0.0,4.2,yes,2,no,spring,98.1,0.0,0.1,6.694292255104328,8.823788990938434
20136,Machinery,900,China,India,sea,13758.0,1,60,64,0.0,9.61,no,0,no,autumn,98.3,0.0,0.1,5.557538555231985,8.823788990938434
58396,Food,594,USA,India,rail,2742.0,2,44,48,3162.09,12.66,no,0,no,summer,90.5,1.1532056892778995,0.1,4.929750383444085,15.19981997143669
54926,Pharma,381,Japan,Brazil,air,7696.0,3,15,21,43146.79,8.73,no,0,no,winter,95.1,5.606391632016632,0.1,11.812529196256936,8.817670958148845
58699,Electronics,761,India,Germany,sea,1340.0,7,60,71,0.0,35.17,no,0,no,spring,92.9,0.0,0.1,6.945536580364657,8.823788990938434
81436,Food,18,Brazil,USA,sea,464.0,4,22,29,0.0,7.19,no,0,no,summer,91.9,0.0,0.1,11.93585545461951,8.823788990938434
69019,Food,962,UK,Brazil,sea,14464.0,6,60,68,0.0,26.5,no,0,no,summer,99.0,0.0,0.1,10.353378431497152,8.823788990938434
45758,Pharma,443,USA,Germany,air,13973.0,3,28,32,76260.71,11.55,no,0,no,spring,97.5,5.457719172690188,0.1,8.727964068655957,8.817670958148845
45146,Machinery,655,Japan,UK,sea,4813.0,2,60,64,0.0,31.4,yes,12,no,summer,99.9,0.0,0.1,9.28263596207065,8.823788990938434
98711,Electronics,387,Japan,India,sea,14610.0,3,60,66,0.0,32.79,no,0,no,summer,95.5,0.0,0.1,4.533815824701283,8.823788990938434
34861,Machinery,658,France,France,sea,470.0,4,23,30,,14.61,no,0,no,summer,95.8,0.0,0.1,9.908946446936326,8.823788990938434
88072,Electronics,965,Germany,Japan,road,5830.0,2,60,65,4696.34,29.9,no,0,no,autumn,94.4,0.8055471698113208,0.1,6.947094511487824,16.926536614561726
37476,Clothing,157,France,USA,road,14946.0,8,60,72,17867.33,17.97,no,0,no,winter,95.2,1.1954589856817879,0.1,8.391042511962297,16.926536614561726
38250,Machinery,812,Brazil,Japan,sea,3373.0,2,60,64,0.0,30.26,no,0,no,autumn,92.3,0.0,0.1,6.341010842891143,8.823788990938434
19309,Pharma,560,UK,Germany,sea,13721.0,3,60,64,0.0,9.87,yes,4,no,autumn,95.7,0.0,0.1,10.628045813479218,8.823788990938434
4882,Pharma,388,India,UK,road,13069.0,2,60,64,11776.94,20.76,no,0,no,autumn,96.4,0.9011355115158007,0.1,7.9763527939994505,16.926536614561726
65946,Electronics,464,China,France,air,6500.0,4,14,19,38162.63,7.78,no,0,no,spring,91.4,5.871173846153845,0.1,11.961346708131385,8.817670958148845
93812,Electronics,820,Germany,China,sea,4699.0,2,60,64,0.0,17.33,no,0,no,spring,98.2,0.0,0.1,4.725176683024418,8.823788990938434
89480,Clothing,608,Japan,USA,sea,13980.0,3,60,66,0.0,18.56,yes,3,no,spring,91.4,0.0,0.1,9.10279008037348,8.823788990938434
76340,Food,466,France,Brazil,rail,13501.0,1,60,62,16057.55,30.69,no,0,no,winter,92.3,1.189360047403896,0.1,6.680291221918211,15.19981997143669
95984,Machinery,149,India,China,rail,13697.0,6,60,69,15315.25,32.23,no,0,no,winter,99.9,1.11814630941082,0.1,11.316883404351454,15.19981997143669
38092,Clothing,513,Japan,India,sea,10035.0,5,60,68,0.0,24.98,yes,11,no,winter,,0.0,0.1,4.495401633836411,8.823788990938434
53142,Machinery,77,USA,China,road,9092.0,2,60,63,8118.92,13.54,no,0,no,spring,98.5,0.8929740431148262,0.1,6.38004373985395,16.926536614561726
89727,Machinery,880,China,Germany,sea,4760.0,2,60,66,0.0,27.29,no,0,no,summer,94.4,0.0,0.1,7.146840913121964,8.823788990938434
45326,Electronics,589,China,Japan,rail,1215.0,3,20,27,1317.39,8.53,yes,6,no,winter,93.9,1.0842716049382717,0.1,8.389411663732716,15.19981997143669
2437,Food,721,UK,India,sea,173.0,5,8,15,,1.88,no,0,no,spring,,0.0,0.1,4.0235916790635295,8.823788990938434
71941,Pharma,196,Brazil,India,road,11627.0,2,60,64,12412.39,9.47,no,0,no,winter,90.5,1.0675488088070868,0.1,5.050526475740339,16.926536614561726
72938,Food,128,Brazil,UK,air,13601.0,5,27,35,64605.93,10.49,no,0,no,summer,90.9,4.750086758326594,0.1,11.8142533268698,8.817670958148845
91839,Electronics,851,Japan,France,air,8048.0,6,15,23,42244.25,2.35,no,0,no,autumn,90.3,5.249037027833002,0.1,6.861976319557722,8.817670958148845
65187,Clothing,319,USA,Brazil,rail,2221.0,3,37,43,2266.31,11.56,no,0,no,autumn,99.9,1.020400720396218,0.1,9.844516334816035,15.19981997143669
49220,Food,457,France,Japan,sea,4094.0,6,60,68,0.0,11.73,no,0,no,spring,96.8,0.0,0.1,10.9170634113408,8.823788990938434
1575,Pharma,218,France,France,air,4616.0,5,9,17,26051.74,2.41,no,0,no,winter,92.4,5.64379116117851,0.1,6.0208987613643465,8.817670958148845
62393,Machinery,603,Japan,Germany,sea,1993.0,7,60,69,0.0,9.37,yes,7,no,spring,92.4,0.0,0.1,9.663897684348,8.823788990938434
41135,Machinery,347,China,Brazil,road,12258.0,5,60,66,13956.72,27.82,no,0,no,autumn,99.7,1.138580518844836,0.1,10.72458021352898,16.926536614561726
92902,Pharma,357,India,UK,sea,13284.0,4,60,66,0.0,8.75,no,0,no,summer,90.7,0.0,0.1,8.71861184750747,8.823788990938434
8621,Electronics,600,UK,China,air,6957.0,5,14,23,29991.25,7.32,no,0,no,winter,93.8,4.310945809975564,0.1,4.346932662841509,8.817670958148845
17196,Pharma,643,India,Brazil,sea,2046.0,3,60,66,0.0,16.01,no,0,no,autumn,95.4,0.0,0.1,9.241169747705639,8.823788990938434
97372,Pharma,16,UK,Japan,sea,5821.0,3,60,66,0.0,23.23,yes,10,no,winter,94.9,0.0,0.1,7.451953784038626,8.823788990938434
34790,Electronics,750,USA,Germany,sea,12293.0,1,60,64,0.0,21.62,no,0,yes,winter,72.6,0.0,0.1,11.254466795812554,8.823788990938434
41444,Electronics,161,France,China,sea,753.0,6,37,45,0.0,11.31,no,0,no,spring,95.8,0.0,0.1,7.7277856579572255,8.823788990938434
67776,Food,507,India,India,road,12086.0,4,60,65,12131.66,22.32,no,0,no,autumn,92.6,1.0037779248717524,0.1,11.831942390846251,16.926536614561726
58535,Pharma,498,USA,India,rail,10108.0,4,60,67,10045.02,20.7,no,0,no,summer,,0.9937692916501781,0.1,9.066632387625468,15.19981997143669
46442,Electronics,28,USA,Japan,air,10604.0,3,20,24,55943.72,10.12,yes,11,no,autumn,91.5,5.275718596755941,0.1,8.550709423763756,8.817670958148845
69601,Machinery,36,USA,Germany,road,9385.0,3,60,64,10660.54,14.46,no,0,no,summer,92.6,1.1359126265316997,0.1,7.227846632083688,16.926536614561726
31797,Electronics,751,Japan,USA,air,2124.0,1,4,8,10830.5,1.87,no,0,no,summer,91.8,5.099105461393597,0.1,9.132701200990294,8.817670958148845
25024,Pharma,525,France,Brazil,air,1516.0,3,4,11,6355.74,5.29,no,0,no,autumn,90.2,4.192440633245383,0.1,10.692154007337972,8.817670958148845
60538,Machinery,743,India,India,sea,4867.0,3,60,66,0.0,11.1,no,0,no,spring,93.8,0.0,0.1,8.079889544501068,8.823788990938434
41655,Electronics,192,USA,France,road,6681.0,4,60,66,5417.8,19.74,no,0,no,winter,95.4,0.8109265080077833,0.1,10.33567215853897,16.926536614561726
87402,Electronics,169,USA,India,sea,9202.0,3,60,66,0.0,9.59,no,0,no,winter,91.2,0.0,0.1,9.51759733758825,8.823788990938434
58914,Machinery,6,China,Brazil,sea,13558.0,4,60,66,0.0,21.11,no,0,no,winter,90.4,0.0,0.1,4.224350771654593,8.823788990938434
75271,Electronics,336,Brazil,USA,air,2050.0,5,3,10,11468.72,4.24,yes,4,no,autumn,90.1,5.59449756097561,0.1,10.786317992656874,8.817670958148845
56620,Electronics,983,Japan,China,sea,7222.0,5,60,69,0.0,9.41,no,0,no,winter,97.3,0.0,0.1,10.864462702208701,8.823788990938434
73815,Electronics,829,China,Japan,road,7976.0,3,60,67,9325.37,31.33,no,0,no,summer,92.2,1.1691787863590772,0.1,6.2224715451214365,16.926536614561726
5541,Electronics,94,Japan,USA,air,8681.0,4,17,24,47936.2,2.41,yes,9,no,winter,98.4,5.521967515263218,0.1,6.138379054702842,8.817670958148845
30470,Food,509,Brazil,France,sea,13370.0,7,60,68,0.0,11.55,no,0,no,spring,90.7,0.0,0.1,4.424404090331172,8.823788990938434
74274,Machinery,533,China,Germany,sea,5304.0,8,60,72,0.0,8.87,no,0,no,autumn,91.7,0.0,0.1,6.263955368972939,8.823788990938434
82500,Electronics,924,Brazil,China,sea,12577.0,2,60,65,0.0,19.37,no,0,no,spring,95.3,0.0,0.1,7.890059796299519,8.823788990938434
89777,Clothing,573,China,Japan,sea,9892.0,5,60,67,0.0,28.15,yes,12,no,winter,97.1,0.0,0.1,10.57475571612816,8.823788990938434
99506,Clothing,157,UK,Germany,air,2192.0,4,5,13,11854.13,3.38,no,0,no,winter,92.4,5.4079060218978094,0.1,8.789274014639323,8.817670958148845
74859,Pharma,361,Japan,Japan,sea,13395.0,6,60,70,0.0,15.28,no,0,no,winter,95.3,0.0,0.1,5.757036340525736,8.823788990938434
71576,Food,235,Japan,Brazil,sea,10274.0,7,60,70,0.0,14.85,yes,3,no,winter,94.8,0.0,0.1,7.778044130055176,8.823788990938434
35742,Food,126,Japan,Germany,sea,14056.0,5,60,67,0.0,32.79,no,0,no,spring,94.9,0.0,0.1,8.235390193084267,8.823788990938434
32427,Machinery,278,Brazil,Japan,air,6005.0,2,13,17,35232.06,2.46,no,0,no,winter,92.7,5.86712073272273,0.1,5.178722843777269,8.817670958148845
85848,Food,867,Japan,Japan,sea,6187.0,6,60,69,0.0,24.05,no,0,no,summer,98.3,0.0,0.1,8.18238807366687,8.823788990938434
63155,Machinery,344,Japan,Brazil,rail,10403.0,4,60,68,10628.96,13.09,no,0,no,summer,94.6,1.0217206575026434,0.1,7.257065756062998,15.19981997143669
13507,Electronics,910,Germany,Brazil,sea,1297.0,7,60,71,0.0,28.86,no,0,no,winter,96.8,0.0,0.1,10.310077240636133,8.823788990938434
75618,Clothing,181,Japan,China,sea,11171.0,8,60,69,0.0,10.87,no,0,no,winter,91.9,0.0,0.1,4.886147029598521,8.823788990938434
93244,Food,566,India,China,sea,457.0,4,22,29,0.0,13.23,no,0,no,autumn,99.1,0.0,0.1,6.359076283557895,8.823788990938434
18064,Pharma,197,China,Brazil,road,1925.0,2,25,30,1959.71,7.07,no,0,no,spring,93.4,1.018031168831169,0.1,8.706787180032979,16.926536614561726
67725,Machinery,796,India,USA,rail,4520.0,2,60,64,4916.98,25.15,no,0,no,winter,98.7,1.0878274336283185,0.1,10.793756353249684,15.19981997143669
15866,Electronics,286,UK,UK,road,3060.0,10,40,54,2948.89,14.83,no,0,no,spring,98.6,0.9636895424836601,0.1,7.846915750260624,16.926536614561726
6805,Food,520,Germany,Japan,sea,3383.0,3,60,67,0.0,8.4,no,0,no,summer,96.4,0.0,0.1,4.719877877232815,8.823788990938434
90355,Food,801,USA,Brazil,sea,6144.0,3,60,66,0.0,26.72,no,0,no,summer,96.9,0.0,0.1,11.009052339081162,8.823788990938434
51131,Machinery,386,India,France,air,4796.0,6,9,19,26648.67,6.28,yes,9,no,spring,93.4,5.556436613844871,0.1,10.43186761012468,8.817670958148845
65190,Machinery,687,Germany,USA,sea,2672.0,1,60,64,0.0,28.45,no,0,no,autumn,97.1,0.0,0.1,11.182874654413101,8.823788990938434
70146,Clothing,22,USA,UK,sea,611.0,1,33,35,0.0,8.45,no,0,no,summer,95.6,0.0,0.1,4.230755165877576,8.823788990938434
9294,Machinery,479,France,USA,air,12831.0,10,26,39,67363.99,11.51,no,0,no,spring,94.4,5.250096640947705,0.1,5.5495756006654045,8.817670958148845
86713,Food,296,France,UK,sea,10922.0,5,60,69,0.0,33.5,no,0,no,autumn,93.1,0.0,0.1,11.115659902221047,8.823788990938434
22916,Machinery,110,China,China,air,1575.0,4,1,9,8198.21,1.33,no,0,no,summer,93.1,5.205212698412698,0.1,10.266303548850118,8.817670958148845
30175,Pharma,291,USA,India,sea,11932.0,8,60,69,0.0,10.72,yes,9,no,spring,93.6,0.0,0.1,4.540825664151935,8.823788990938434
87009,Pharma,779,India,Japan,sea,13323.0,4,60,68,0.0,13.99,no,0,no,spring,98.2,0.0,0.1,11.636612246444251,8.823788990938434
44419,Clothing,368,France,UK,road,10082.0,2,60,63,9330.06,30.2,no,0,no,winter,90.1,0.9254175758778019,0.1,4.515753064518195,16.926536614561726
19824,Electronics,205,China,UK,sea,7824.0,2,60,64,0.0,10.59,no,0,no,summer,99.7,0.0,0.1,5.1285997956402225,8.823788990938434
25585,Pharma,514,USA,India,air,10887.0,2,21,27,56035.36,5.82,no,0,no,summer,91.5,5.1469973362726185,0.1,11.1354553522878,8.817670958148845
65542,Food,656,India,India,sea,13882.0,4,60,68,0.0,27.48,no,0,no,spring,96.5,0.0,0.1,9.458230601749715,8.823788990938434
60702,Food,890,Germany,France,sea,1875.0,3,60,67,0.0,32.52,no,0,no,autumn,91.4,0.0,0.1,4.553130591348988,8.823788990938434
40475,Clothing,346,Japan,France,sea,2012.0,3,60,64,0.0,31.3,no,0,no,spring,91.1,0.0,0.1,7.322433960021256,8.823788990938434
48741,Machinery,838,UK,China,road,14350.0,4,60,66,15948.04,12.96,no,0,no,summer,,1.1113616724738677,0.1,10.489218834737999,16.926536614561726
54189,Pharma,713,USA,UK,sea,13143.0,6,60,70,0.0,27.46,yes,11,no,summer,90.7,0.0,0.1,4.341905157309081,8.823788990938434
87739,Electronics,867,China,UK,air,2441.0,3,3,7,12226.81,2.47,yes,12,yes,summer,51.2,5.008934862761163,0.1,8.283531776385345,8.817670958148845
71266,Pharma,519,China,China,sea,8060.0,3,60,64,0.0,28.04,no,0,no,summer,94.4,0.0,0.1,8.897596879491111,8.823788990938434
78112,Machinery,72,India,India,road,9170.0,4,60,66,8599.0,22.6,no,0,no,spring,,0.93773173391494,0.1,7.521644112947553,16.926536614561726
68718,Clothing,988,France,Brazil,sea,4731.0,4,60,66,0.0,15.22,no,0,no,autumn,91.7,0.0,0.1,5.360826949401215,8.823788990938434
95066,Food,195,France,France,sea,6345.0,2,60,65,0.0,23.53,no,0,no,winter,94.8,0.0,0.1,6.808278964519404,8.823788990938434
21796,Electronics,511,UK,Japan,sea,14359.0,2,60,63,0.0,13.41,yes,1,no,autumn,91.4,0.0,0.1,8.01075659390567,8.823788990938434
65308,Electronics,968,Germany,USA,sea,9818.0,7,60,70,0.0,21.18,no,0,no,spring,94.3,0.0,0.1,9.9493393653189,8.823788990938434
12525,Food,481,China,India,air,4155.0,3,9,13,21858.86,3.43,no,0,no,winter,98.5,5.260856799037304,0.1,7.94288392406468,8.817670958148845
21352,Pharma,687,France,India,sea,5416.0,4,60,66,0.0,7.85,no,0,yes,summer,64.8,0.0,0.1,4.372791181651709,8.823788990938434
65771,Electronics,2,France,Germany,sea,4971.0,2,60,66,,16.59,no,0,no,winter,93.1,0.0,0.1,10.976535088374636,8.823788990938434
22200,Clothing,719,Brazil,USA,sea,4220.0,3,60,65,0.0,17.64,no,0,no,autumn,100.0,0.0,0.1,6.394572002662373,8.823788990938434
1748,Food,848,USA,USA,road,11638.0,3,60,64,10873.9,12.36,no,0,no,summer,91.8,0.9343443890702869,0.1,8.04878507137749,16.926536614561726
77382,Pharma,61,India,UK,sea,7508.0,5,60,69,0.0,15.72,no,0,no,autumn,94.2,0.0,0.1,6.7704933820211455,8.823788990938434
89962,Machinery,446,Brazil,Japan,sea,4399.0,5,60,67,0.0,30.47,no,0,no,spring,92.2,0.0,0.1,8.96189213799822,8.823788990938434
33944,Pharma,646,France,China,sea,13135.0,4,60,67,0.0,17.56,yes,4,no,autumn,97.9,0.0,0.1,10.6741647198516,8.823788990938434
99926,Machinery,147,China,UK,sea,14097.0,6,60,70,0.0,20.03,no,0,no,autumn,96.3,0.0,0.1,11.561574429499442,8.823788990938434
43769,Pharma,191,UK,UK,road,3563.0,3,43,47,3186.93,16.63,no,0,no,autumn,99.1,0.8944513050799887,0.1,5.748737743910464,16.926536614561726
22542,Clothing,139,Germany,China,rail,14402.0,3,60,66,12030.93,27.64,no,0,no,spring,95.8,0.8353652270517984,0.1,4.756183751939664,15.19981997143669
1957,Machinery,23,France,China,sea,1216.0,3,60,65,0.0,14.13,no,0,no,winter,90.3,0.0,0.1,8.764872584752977,8.823788990938434
6001,Electronics,602,Germany,Germany,road,2522.0,3,30,34,2878.73,13.68,no,0,no,autumn,98.8,1.14144726407613,0.1,6.4988775822823035,16.926536614561726
99269,Electronics,635,China,UK,road,490.0,5,6,13,449.49,1.68,no,0,no,winter,98.8,0.9173265306122449,0.1,11.759910174829933,16.926536614561726
42700,Pharma,674,UK,India,air,4621.0,1,9,14,20142.9,5.9,no,0,no,summer,99.4,4.358991560268341,0.1,6.992201228107941,8.817670958148845
21974,Pharma,469,Japan,France,sea,3917.0,6,60,69,0.0,28.76,yes,9,no,summer,97.3,0.0,0.1,11.31845169979417,8.823788990938434
54725,Food,667,China,Japan,sea,11643.0,4,60,65,0.0,29.12,no,0,no,summer,94.4,0.0,0.1,9.713909800741664,8.823788990938434
87127,Food,53,Germany,Japan,sea,5289.0,2,60,63,0.0,18.63,yes,9,no,summer,94.1,0.0,0.1,11.349402786162592,8.823788990938434
78722,Food,978,USA,Brazil,sea,14162.0,2,60,65,0.0,29.15,no,0,yes,spring,74.9,0.0,0.1,7.342954067610989,8.823788990938434
65834,Electronics,200,UK,UK,sea,10723.0,3,60,64,0.0,16.26,no,0,no,summer,95.8,0.0,0.1,10.742169740026206,8.823788990938434
9754,Clothing,96,France,China,road,1406.0,3,18,24,1347.73,8.65,no,0,no,autumn,96.5,0.9585561877667141,0.1,8.036711906548048,16.926536614561726
38671,Food,713,Germany,Germany,road,11893.0,7,60,71,13794.6,14.11,no,0,no,autumn,95.1,1.1598923736651812,0.1,10.67636353843918,16.926536614561726
77677,Food,307,Germany,India,sea,7258.0,3,60,67,0.0,31.24,no,0,no,spring,90.5,0.0,0.1,10.658804795400364,8.823788990938434
68734,Clothing,454,India,Germany,road,6039.0,3,60,66,5888.32,13.56,no,0,no,spring,95.5,0.9750488491472098,0.1,10.2061127823331,16.926536614561726
51074,Food,280,China,Brazil,sea,3212.0,4,60,67,0.0,25.47,no,0,no,spring,99.6,0.0,0.1,4.722748897299272,8.823788990938434
17841,Food,410,Germany,UK,sea,11131.0,8,60,70,0.0,32.52,no,0,no,winter,95.2,0.0,0.1,8.369738256787947,8.823788990938434
19003,Pharma,40,India,Brazil,sea,1032.0,8,51,63,0.0,16.05,no,0,no,winter,96.9,0.0,0.1,8.78618433098642,8.823788990938434
24495,Machinery,940,USA,India,road,12543.0,4,60,67,11025.56,20.51,no,0,no,autumn,93.5,0.8790209678705253,0.1,4.257537205931438,16.926536614561726
31452,Clothing,98,France,Japan,sea,12340.0,5,60,67,0.0,8.39,yes,3,no,summer,96.8,0.0,0.1,10.734952179181278,8.823788990938434
15366,Electronics,293,France,Brazil,sea,1647.0,3,60,65,0.0,7.27,yes,12,no,autumn,94.3,0.0,0.1,4.1886727562935455,8.823788990938434
95343,Pharma,681,India,China,sea,14903.0,4,60,68,0.0,25.92,no,0,no,summer,95.6,0.0,0.1,4.32640917510348,8.823788990938434
66323,Clothing,482,USA,France,sea,8716.0,2,60,66,0.0,10.13,no,0,no,summer,99.8,0.0,0.1,11.290791207924247,8.823788990938434
69946,Pharma,350,France,UK,sea,4705.0,7,60,68,0.0,12.7,no,0,yes,winter,57.6,0.0,0.1,8.284572562914143,8.823788990938434
88129,Clothing,28,Germany,UK,road,12639.0,3,60,67,12962.13,33.17,no,0,no,summer,92.6,1.0255661049133633,0.1,6.350080335132812,16.926536614561726
6484,Machinery,193,Brazil,India,road,13001.0,5,60,66,,23.9,no,0,no,spring,100.0,1.1554972694408123,0.1,11.806505084735896,16.926536614561726
87672,Pharma,144,USA,Brazil,sea,9532.0,5,60,66,0.0,11.93,no,0,no,autumn,92.9,0.0,0.1,6.004225291892574,8.823788990938434
47522,Food,3,France,Brazil,air,14656.0,6,27,35,73342.22,7.56,no,0,no,autumn,93.8,5.004245360262009,0.1,9.073920039601228,8.817670958148845
57096,Machinery,583,Germany,Germany,road,1452.0,1,18,21,1369.59,4.03,no,0,no,winter,93.4,0.9432438016528925,0.1,9.642585415357289,16.926536614561726
3417,Machinery,87,Germany,UK,rail,1011.0,1,16,20,874.34,7.35,no,0,no,spring,94.5,0.8648269040553908,0.1,4.7915303448565485,15.19981997143669
28840,Pharma,446,USA,India,air,6704.0,4,13,21,28303.68,7.95,no,0,no,spring,92.1,4.221909307875895,0.1,8.768231549603398,8.817670958148845
50248,Clothing,319,Japan,Germany,sea,6319.0,2,60,64,0.0,31.77,no,0,no,winter,97.5,0.0,0.1,11.355566262493632,8.823788990938434
43854,Clothing,681,France,Japan,road,4676.0,2,59,65,4067.44,22.93,no,0,no,summer,90.9,0.8698545765611634,0.1,11.305989956948988,16.926536614561726
29535,Pharma,176,France,Japan,sea,8941.0,5,60,66,0.0,28.58,no,0,no,summer,99.6,0.0,0.1,11.706972396980854,8.823788990938434
53290,Electronics,650,USA,France,sea,14982.0,5,60,66,0.0,10.59,no,0,no,autumn,97.7,0.0,0.1,4.6071493988675005,8.823788990938434
75663,Electronics,618,Brazil,China,road,7584.0,5,60,66,7129.41,20.29,yes,7,no,autumn,94.8,0.940059335443038,0.1,9.544298111655536,16.926536614561726
52302,Pharma,98,Brazil,Japan,road,3536.0,3,44,48,4173.46,12.24,no,0,no,summer,96.3,1.180277149321267,0.1,4.645149815378201,16.926536614561726
14645,Machinery,857,USA,Germany,road,3335.0,10,40,51,3737.83,17.56,no,0,no,summer,93.6,1.1207886056971514,0.1,6.712966434701762,16.926536614561726
98584,Clothing,898,Japan,Japan,sea,9683.0,2,60,65,,26.87,no,0,no,summer,94.6,0.0,0.1,4.74088895862567,8.823788990938434
46896,Electronics,699,Japan,France,sea,11039.0,3,60,66,0.0,8.97,no,0,no,summer,98.3,0.0,0.1,10.552638003803212,8.823788990938434
70757,Pharma,450,India,China,rail,1140.0,2,19,25,939.88,7.29,no,0,no,summer,90.8,0.8244561403508772,0.1,11.520310217134915,15.19981997143669
68340,Electronics,275,USA,USA,sea,9008.0,4,60,66,,22.71,no,0,no,spring,94.9,0.0,0.1,11.286387550315542,8.823788990938434
75064,Electronics,115,Germany,Japan,road,13125.0,5,60,67,14467.05,26.12,no,0,no,summer,90.9,1.1022514285714284,0.1,4.260568179644373,16.926536614561726
24463,Pharma,972,USA,China,road,10925.0,4,60,65,9900.43,13.22,no,0,no,spring,90.3,0.9062178489702517,0.1,7.844816008409249,16.926536614561726
44702,Electronics,452,China,China,sea,7196.0,5,60,69,0.0,12.37,no,0,no,winter,92.1,0.0,0.1,10.446993240522712,8.823788990938434
67252,Machinery,75,USA,France,sea,3627.0,4,60,66,0.0,14.9,no,0,no,winter,94.5,0.0,0.1,8.989514338025494,8.823788990938434
51785,Food,979,Germany,France,sea,9497.0,4,60,68,0.0,9.16,no,0,no,winter,92.8,0.0,0.1,6.59108748458953,8.823788990938434
97611,Electronics,592,UK,Germany,air,7118.0,7,14,25,34791.0,7.49,no,0,no,summer,96.0,4.887749367799944,0.1,6.430042499981116,8.817670958148845
16265,Pharma,465,France,Germany,sea,1779.0,4,60,67,0.0,26.66,no,0,no,summer,90.6,0.0,0.1,9.267880666269352,8.823788990938434
38194,Electronics,498,Brazil,UK,rail,14085.0,4,60,68,11345.52,12.88,no,0,no,summer,99.2,0.8055037273695421,0.1,10.813771218379799,15.19981997143669
90343,Pharma,228,Japan,China,sea,4997.0,7,60,70,0.0,23.11,no,0,no,autumn,92.7,0.0,0.1,11.94078696701163,8.823788990938434
66054,Pharma,876,India,Japan,sea,1160.0,3,57,62,0.0,23.23,no,0,yes,spring,59.1,0.0,0.1,9.43824567296052,8.823788990938434
17800,Clothing,182,Japan,India,air,5388.0,3,12,19,26800.86,6.23,no,0,no,summer,94.9,4.974175946547884,0.1,7.721658657739763,8.817670958148845
12111,Pharma,781,Germany,France,rail,842.0,6,12,22,955.83,5.73,no,0,no,autumn,92.2,1.135190023752969,0.1,7.245371251898077,15.19981997143669
26638,Machinery,874,Japan,Japan,sea,8236.0,4,60,65,0.0,9.14,no,0,no,winter,91.7,0.0,0.1,8.906741814039586,8.823788990938434
97891,Electronics,466,Japan,Brazil,sea,7680.0,5,60,67,0.0,23.76,no,0,no,summer,99.8,0.0,0.1,8.884607197947041,8.823788990938434
41762,Clothing,114,Japan,UK,sea,14973.0,4,60,66,0.0,26.14,no,0,no,autumn,91.1,0.0,0.1,9.171780189512496,8.823788990938434
2528,Food,186,USA,India,air,3631.0,4,7,12,20423.24,5.33,no,0,no,summer,90.9,5.624687413935556,0.1,8.998985843524206,8.817670958148845
41000,Pharma,571,UK,France,sea,7446.0,3,60,64,0.0,24.03,no,0,no,summer,94.5,0.0,0.1,6.273853869360003,8.823788990938434
1571,Machinery,988,India,India,sea,14714.0,4,60,65,0.0,6.53,no,0,no,spring,91.7,0.0,0.1,10.669105676865385,8.823788990938434
55304,Food,299,USA,UK,sea,14053.0,6,60,69,,10.87,no,0,no,summer,95.5,0.0,0.1,9.150979680271064,8.823788990938434
29469,Food,827,Brazil,Germany,road,10517.0,1,60,65,9943.54,20.17,no,0,no,winter,92.4,0.9454730436436247,0.1,9.300306118563178,16.926536614561726
8778,Clothing,551,Japan,Germany,rail,12357.0,4,60,65,14500.77,8.04,no,0,no,spring,97.6,1.1734862830784172,0.1,5.083250806235364,15.19981997143669
23516,Food,696,Brazil,China,sea,386.0,3,21,25,0.0,11.57,no,0,yes,autumn,50.2,0.0,0.1,7.8537558082955785,8.823788990938434
82480,Clothing,418,China,Brazil,sea,4427.0,5,60,68,0.0,13.21,no,0,no,summer,99.7,0.0,0.1,4.047086146921061,8.823788990938434
31061,Machinery,647,UK,India,sea,12685.0,7,60,68,0.0,18.15,no,0,yes,autumn,88.5,0.0,0.1,11.547415478277003,8.823788990938434
69985,Food,41,Germany,Brazil,road,5863.0,2,60,65,6387.88,14.17,yes,14,no,winter,99.4,1.089524134402183,0.1,8.329887901555715,16.926536614561726
51491,Food,152,USA,UK,road,1144.0,7,13,24,1208.62,6.57,no,0,no,winter,91.1,1.056486013986014,0.1,11.498993059684178,16.926536614561726
5763,Machinery,469,Japan,Japan,sea,8936.0,4,60,67,,10.19,no,0,no,winter,94.0,0.0,0.1,10.68669243639804,8.823788990938434
90990,Clothing,789,UK,Japan,sea,8720.0,5,60,67,0.0,13.79,no,0,no,summer,,0.0,0.1,10.533982576502929,8.823788990938434
10011,Clothing,229,China,China,sea,6943.0,3,60,67,0.0,23.64,no,0,no,winter,99.3,0.0,0.1,4.910972172918145,8.823788990938434
20051,Pharma,825,UK,UK,sea,14786.0,3,60,65,0.0,12.38,no,0,no,winter,94.0,0.0,0.1,6.103830902251824,8.823788990938434
94778,Machinery,238,UK,Brazil,sea,8531.0,3,60,64,0.0,25.69,no,0,no,spring,92.3,0.0,0.1,9.161563968265035,8.823788990938434
74580,Electronics,870,Brazil,Germany,sea,10518.0,4,60,67,0.0,23.84,no,0,no,autumn,,0.0,0.1,10.956397910740069,8.823788990938434
1414,Pharma,494,India,UK,sea,1256.0,3,60,64,0.0,26.79,no,0,no,autumn,93.2,0.0,0.1,4.953691353901879,8.823788990938434
88639,Pharma,34,UK,India,sea,10867.0,3,60,64,0.0,29.74,no,0,no,autumn,95.9,0.0,0.1,7.01175753463912,8.823788990938434
70701,Electronics,2,Japan,Germany,sea,14957.0,3,60,65,0.0,21.68,no,0,no,winter,96.6,0.0,0.1,6.243138143386068,8.823788990938434
60512,Machinery,73,China,China,air,1858.0,5,2,11,10151.43,5.01,no,0,no,spring,98.5,5.463632938643703,0.1,6.8007695533949954,8.817670958148845
30765,Food,874,France,India,sea,10191.0,2,60,66,0.0,16.79,no,0,no,summer,94.0,0.0,0.1,11.675756112052625,8.823788990938434
58965,Machinery,230,USA,France,air,8085.0,4,17,23,34689.46,3.71,no,0,no,spring,90.5,4.290594928880643,0.1,9.545859309339074,8.817670958148845
87550,Food,970,India,Japan,sea,11462.0,3,60,66,0.0,32.56,no,0,no,spring,96.6,0.0,0.1,8.559298149249603,8.823788990938434
56037,Pharma,166,Japan,Brazil,sea,7991.0,3,60,67,0.0,24.92,no,0,no,autumn,91.7,0.0,0.1,10.568799354116074,8.823788990938434
72846,Pharma,323,Brazil,USA,sea,10588.0,3,60,65,0.0,13.7,no,0,no,winter,96.5,0.0,0.1,9.842591360870463,8.823788990938434
48542,Machinery,829,USA,Japan,air,14289.0,4,28,34,70478.62,9.37,no,0,no,summer,98.4,4.932368955140317,0.1,5.403603739719672,8.817670958148845
14378,Machinery,960,China,Japan,sea,6190.0,4,60,65,0.0,27.87,yes,4,no,winter,98.9,0.0,0.1,4.580805979199467,8.823788990938434
96461,Clothing,524,France,Germany,sea,14148.0,5,60,69,0.0,9.31,no,0,no,autumn,99.8,0.0,0.1,11.494746572063402,8.823788990938434
28473,Food,666,UK,China,sea,8383.0,5,60,69,0.0,9.91,yes,13,no,winter,93.6,0.0,0.1,11.508514600039543,8.823788990938434
72121,Food,363,India,Brazil,sea,14531.0,5,60,69,0.0,10.77,no,0,no,autumn,96.5,0.0,0.1,6.399044298437405,8.823788990938434
16368,Food,139,Japan,Brazil,sea,12391.0,1,60,64,0.0,20.69,no,0,no,summer,95.0,0.0,0.1,7.5973982903123725,8.823788990938434
38349,Clothing,465,UK,Germany,air,11331.0,6,22,31,61063.8,7.11,no,0,no,winter,96.5,5.38909187185597,0.1,11.888481134802891,8.817670958148845
5534,Clothing,987,France,France,road,3868.0,2,49,53,3206.93,20.71,no,0,no,autumn,92.2,0.8290925542916235,0.1,6.759581190472559,16.926536614561726
74545,Pharma,821,Germany,Brazil,sea,5427.0,6,60,67,0.0,18.63,no,0,no,autumn,99.0,0.0,0.1,9.973421942931555,8.823788990938434
23466,Clothing,397,Germany,UK,road,5029.0,2,60,65,5095.11,14.8,no,0,no,summer,97.6,1.0131457546231855,0.1,8.266787526796211,16.926536614561726
18094,Pharma,87,India,Japan,sea,9177.0,2,60,64,0.0,21.68,no,0,no,summer,95.4,0.0,0.1,11.277016845453375,8.823788990938434
45763,Machinery,769,India,France,sea,14461.0,3,60,67,0.0,27.72,yes,6,no,spring,97.1,0.0,0.1,4.901528218557592,8.823788990938434
65696,Pharma,91,Brazil,USA,sea,3124.0,4,60,67,0.0,7.65,no,0,no,summer,92.4,0.0,0.1,11.874782455207157,8.823788990938434
32933,Food,225,UK,France,air,12984.0,5,26,32,55339.82,9.86,no,0,no,spring,91.0,4.262154959950709,0.1,11.450253459571131,8.817670958148845
47705,Electronics,73,India,Brazil,air,3406.0,5,7,16,16320.0,4.29,no,0,no,summer,91.7,4.791544333529067,0.1,7.707801575897983,8.817670958148845
5767,Food,335,China,Brazil,sea,7496.0,4,60,66,0.0,26.14,no,0,no,spring,99.1,0.0,0.1,6.447761028729517,8.823788990938434
14439,Clothing,798,Japan,Japan,sea,12138.0,2,60,64,0.0,25.03,no,0,no,summer,97.9,0.0,0.1,4.990513838761264,8.823788990938434
65242,Electronics,730,Brazil,China,road,1993.0,2,23,26,1970.25,10.43,no,0,yes,spring,58.4,0.988585047666834,0.1,11.07096354159117,16.926536614561726
7516,Pharma,468,UK,Japan,sea,6322.0,4,60,65,0.0,21.51,no,0,no,summer,97.1,0.0,0.1,7.647587683397584,8.823788990938434
11778,Pharma,35,Germany,France,sea,11383.0,4,60,65,0.0,12.48,yes,12,yes,winter,52.4,0.0,0.1,9.65621320940453,8.823788990938434
59391,Machinery,480,Germany,Germany,sea,9250.0,3,60,66,0.0,15.54,no,0,no,winter,98.4,0.0,0.1,11.6535169634098,8.823788990938434
2663,Food,486,USA,China,sea,1670.0,2,60,66,0.0,21.95,no,0,no,winter,91.4,0.0,0.1,5.5844071803634865,8.823788990938434
70594,Food,484,USA,USA,road,6219.0,3,60,65,5975.35,25.56,no,0,no,autumn,97.6,0.9608216755105323,0.1,11.192863273764111,16.926536614561726
93353,Food,999,USA,China,sea,9434.0,5,60,67,0.0,12.66,yes,12,no,summer,92.2,0.0,0.1,6.719345959575472,8.823788990938434
83045,Electronics,354,UK,India,sea,6225.0,5,60,67,0.0,23.1,no,0,yes,summer,69.9,0.0,0.1,8.83652937196107,8.823788990938434
21185,Pharma,375,Japan,India,road,7608.0,6,60,67,6978.76,26.8,no,0,no,spring,99.1,0.917292323869611,0.1,4.661856098593449,16.926536614561726
83843,Electronics,965,China,Japan,road,9485.0,5,60,69,8501.76,21.45,no,0,no,spring,93.7,0.8963373748023195,0.1,6.995466147407536,16.926536614561726
30337,Food,795,India,Japan,road,7025.0,4,60,68,6021.83,30.49,no,0,no,winter,95.8,0.8572,0.1,9.350417036483236,16.926536614561726
91158,Food,533,Japan,France,road,9091.0,2,60,65,,23.85,no,0,no,winter,99.4,1.0080761192388077,0.1,11.452063093494878,16.926536614561726
40041,Food,613,China,China,road,9404.0,3,60,64,10271.51,18.07,no,0,no,summer,96.1,1.0922490429604423,0.1,6.954068998510321,16.926536614561726
18553,Machinery,642,India,Germany,sea,5115.0,2,60,63,0.0,9.87,yes,12,no,autumn,99.6,0.0,0.1,6.307584176719987,8.823788990938434
30579,Electronics,698,India,China,sea,7777.0,2,60,64,0.0,8.27,no,0,no,spring,97.9,0.0,0.1,11.328484901400417,8.823788990938434
56539,Electronics,580,Japan,China,sea,2524.0,9,60,73,0.0,29.19,no,0,yes,winter,56.7,0.0,0.1,6.368052780677795,8.823788990938434
25135,Food,85,India,China,sea,14885.0,4,60,68,0.0,29.43,no,0,no,autumn,94.1,0.0,0.1,6.418622574843488,8.823788990938434
43601,Pharma,557,Brazil,Germany,rail,8418.0,3,60,64,7683.81,21.5,no,0,no,spring,91.2,0.9127833214540272,0.1,8.460237767842905,15.19981997143669
31403,Food,909,Japan,India,air,8675.0,3,16,22,50750.72,9.78,no,0,no,summer,92.3,5.850227089337176,0.1,10.786292575763564,8.817670958148845
41536,Food,606,UK,Japan,air,1007.0,3,2,8,5718.82,2.68,no,0,no,spring,96.2,5.679066534260178,0.1,4.5789440553197664,8.817670958148845
2545,Machinery,981,China,Brazil,air,5139.0,5,10,18,23827.42,4.76,no,0,no,autumn,98.5,4.6365868846079,0.1,4.33230340992975,8.817670958148845
82163,Machinery,958,UK,India,road,1017.0,3,12,16,1012.15,2.69,no,0,no,winter,94.7,0.9952310717797443,0.1,4.289726429193844,16.926536614561726
34718,Pharma,327,Japan,France,rail,12923.0,6,60,69,12710.64,22.72,no,0,no,autumn,93.5,0.9835672831385901,0.1,7.945765072376724,15.19981997143669
22097,Electronics,522,Japan,USA,sea,10719.0,3,60,66,0.0,18.02,yes,1,no,autumn,95.8,0.0,0.1,6.126014144447807,8.823788990938434
1166,Clothing,19,USA,UK,sea,1620.0,4,60,66,0.0,26.71,no,0,no,autumn,98.4,0.0,0.1,9.694961383829046,8.823788990938434
94932,Electronics,361,Japan,France,air,8700.0,4,17,25,43626.68,4.8,no,0,no,summer,92.4,5.01456091954023,0.1,8.959988911161883,8.817670958148845
84936,Clothing,903,Japan,UK,sea,8503.0,4,60,66,0.0,8.13,no,0,no,summer,96.4,0.0,0.1,10.503195375155833,8.823788990938434
91488,Pharma,69,China,UK,sea,3269.0,5,60,67,0.0,30.49,no,0,no,autumn,91.8,0.0,0.1,10.47055229620121,8.823788990938434
39521,Machinery,669,Brazil,France,sea,1124.0,3,54,59,0.0,25.42,no,0,no,spring,93.4,0.0,0.1,5.239804181533395,8.823788990938434
75760,Pharma,526,India,China,road,10884.0,3,60,67,10309.52,29.38,no,0,no,winter,98.2,0.947217934582874,0.1,8.358643455490562,16.926536614561726
22951,Food,785,UK,Japan,road,7686.0,2,60,66,7808.35,8.64,no,0,no,autumn,97.8,1.0159185532136352,0.1,4.507789628084819,16.926536614561726
64247,Clothing,184,Brazil,Japan,sea,13573.0,4,60,66,0.0,28.61,no,0,no,spring,98.5,0.0,0.1,10.535731694732242,8.823788990938434
64775,Machinery,391,China,Japan,sea,9173.0,3,60,67,0.0,31.5,no,0,no,summer,99.4,0.0,0.1,5.121355803621382,8.823788990938434
42069,Electronics,391,France,Germany,sea,13271.0,6,60,69,0.0,15.62,no,0,no,autumn,97.8,0.0,0.1,10.245947279712505,8.823788990938434
18554,Clothing,793,India,Japan,road,1840.0,4,21,27,1991.13,6.36,no,0,no,summer,94.5,1.0821358695652175,0.1,8.285916246757303,16.926536614561726
31463,Pharma,896,Germany,Japan,sea,2757.0,3,60,67,0.0,20.35,no,0,no,winter,93.6,0.0,0.1,7.49678563047434,8.823788990938434
93576,Machinery,128,China,USA,sea,10491.0,2,60,65,0.0,8.87,no,0,no,summer,93.0,0.0,0.1,10.458853420845672,8.823788990938434
27887,Pharma,945,USA,Germany,rail,6874.0,9,60,73,6538.69,7.75,no,0,no,winter,92.5,0.9512205411696246,0.1,11.02482096852927,15.19981997143669
34281,Clothing,385,France,UK,sea,11639.0,3,60,65,0.0,29.81,no,0,no,summer,94.4,0.0,0.1,9.274631796628997,8.823788990938434
70626,Pharma,502,Germany,Japan,air,2955.0,3,6,11,12490.89,3.25,no,0,no,winter,98.3,4.227035532994924,0.1,7.156569265242459,8.817670958148845
21757,Electronics,496,Japan,Japan,road,3630.0,4,44,51,4197.76,13.14,no,0,no,summer,91.1,1.1564077134986226,0.1,8.016310403314991,16.926536614561726
61804,Machinery,115,Brazil,UK,sea,6477.0,6,60,68,0.0,24.35,no,0,no,spring,95.6,0.0,0.1,9.91344405884148,8.823788990938434
93629,Pharma,785,India,Brazil,sea,9961.0,5,60,66,0.0,24.64,no,0,no,spring,94.0,0.0,0.1,6.387363428216713,8.823788990938434
80446,Clothing,744,USA,USA,road,8353.0,2,60,63,7491.51,30.94,no,0,no,spring,95.7,0.8968645995450737,0.1,5.699304824638429,16.926536614561726
52178,Food,155,India,USA,sea,8396.0,2,60,65,0.0,21.19,no,0,no,winter,90.2,0.0,0.1,9.674757877255187,8.823788990938434
44521,Clothing,819,UK,USA,air,1960.0,2,4,9,10200.51,2.82,no,0,no,summer,99.4,5.204341836734694,0.1,6.377610718854235,8.817670958148845
72533,Machinery,592,Germany,France,sea,10804.0,2,60,64,0.0,23.16,no,0,no,winter,96.0,0.0,0.1,6.849622542182613,8.823788990938434
7738,Electronics,113,China,Brazil,sea,13210.0,3,60,66,0.0,32.74,no,0,no,winter,96.7,0.0,0.1,5.331902579244835,8.823788990938434
58722,Pharma,829,China,UK,air,11162.0,3,23,28,50219.81,3.75,no,0,no,spring,93.7,4.499176670847518,0.1,7.742831563967664,8.817670958148845
53616,Clothing,782,Japan,Germany,sea,14937.0,3,60,64,0.0,29.19,no,0,no,winter,94.9,0.0,0.1,5.880729499404732,8.823788990938434
20556,Pharma,699,UK,Brazil,road,10905.0,5,60,66,10847.03,9.93,no,0,no,spring,93.8,0.9946840898670335,0.1,11.886982597489464,16.926536614561726
56049,Clothing,294,India,Germany,road,10527.0,6,60,68,12113.55,23.1,no,0,no,winter,99.6,1.15071245369051,0.1,6.862984807432501,16.926536614561726
17556,Electronics,337,India,Brazil,sea,13530.0,6,60,70,0.0,22.17,no,0,no,summer,99.8,0.0,0.1,11.844661243429252,8.823788990938434
83782,Pharma,781,India,India,rail,11334.0,2,60,64,13298.43,12.02,no,0,no,winter,90.6,1.1733218634197988,0.1,6.391312826868249,15.19981997143669
42237,Food,158,UK,USA,sea,8729.0,5,60,66,0.0,10.49,yes,7,yes,winter,64.7,0.0,0.1,7.6998370634331375,8.823788990938434
94421,Pharma,702,China,UK,air,8065.0,4,16,22,44731.18,7.69,no,0,no,winter,91.3,5.546333539987601,0.1,4.0401583933935,8.817670958148845
24096,Electronics,327,China,USA,sea,12326.0,3,60,66,0.0,29.44,no,0,no,spring,95.7,0.0,0.1,4.411858361232405,8.823788990938434
63607,Machinery,121,China,China,sea,1562.0,2,60,64,0.0,17.01,no,0,no,winter,94.2,0.0,0.1,7.253443637740282,8.823788990938434
56632,Pharma,16,Germany,China,air,7461.0,5,14,22,32149.71,3.56,no,0,no,autumn,99.2,4.309034981905911,0.1,10.8999017722637,8.817670958148845
68271,Electronics,450,Japan,India,air,8112.0,4,18,23,41843.35,9.24,no,0,no,spring,92.3,5.158203895463511,0.1,10.508993226494407,8.817670958148845
11363,Clothing,821,France,Germany,sea,12189.0,3,60,64,0.0,31.62,no,0,no,spring,92.4,0.0,0.1,9.08865489857304,8.823788990938434
8711,Food,436,China,Brazil,rail,4613.0,3,60,65,5389.58,19.09,no,0,no,autumn,90.4,1.1683459787556905,0.1,8.410441974380802,15.19981997143669
11372,Machinery,166,Germany,France,sea,10153.0,1,60,65,0.0,20.74,no,0,no,summer,92.5,0.0,0.1,8.455740242342038,8.823788990938434
95116,Pharma,624,UK,Japan,sea,13854.0,3,60,65,0.0,7.53,no,0,no,winter,90.3,0.0,0.1,8.362479203326014,8.823788990938434
25555,Machinery,125,Brazil,Brazil,road,12827.0,1,60,64,11565.44,7.71,no,0,no,summer,93.5,0.9016480860684494,0.1,6.164771949316889,16.926536614561726
1719,Clothing,311,Japan,USA,road,6900.0,3,60,67,8125.16,7.7,no,0,no,winter,90.8,1.177559420289855,0.1,5.0938770388877135,16.926536614561726
41653,Electronics,513,Germany,Japan,sea,3862.0,5,60,67,0.0,31.37,no,0,no,winter,96.3,0.0,0.1,11.106067536474953,8.823788990938434
92556,Machinery,343,Brazil,France,sea,4602.0,5,60,68,0.0,20.14,no,0,no,summer,97.5,0.0,0.1,6.478782923768203,8.823788990938434
90531,Clothing,611,India,China,sea,12599.0,7,60,68,0.0,31.92,no,0,no,spring,98.7,0.0,0.1,4.663568444350498,8.823788990938434
75077,Food,207,China,Japan,road,7303.0,5,60,68,7662.03,28.25,no,0,no,spring,90.4,1.0491619882240175,0.1,10.660097331609032,16.926536614561726
1939,Machinery,670,Brazil,Germany,road,107.0,4,1,8,125.6,1.06,no,0,no,summer,99.4,1.1738317757009344,0.1,9.06043844194695,16.926536614561726
93304,Pharma,264,Brazil,India,air,9353.0,1,18,22,49546.54,7.33,no,0,no,winter,91.0,5.297395488078691,0.1,5.847241322185571,8.817670958148845
7864,Clothing,962,Germany,UK,road,6407.0,5,60,68,6489.25,11.84,no,0,no,autumn,99.5,1.0128375214609022,0.1,6.5247087524008816,16.926536614561726
78602,Food,94,Brazil,Brazil,road,11687.0,2,60,63,10559.68,20.78,no,0,no,winter,94.3,0.9035406862325661,0.1,11.905712214047714,16.926536614561726
8547,Clothing,371,UK,France,sea,12640.0,6,60,70,0.0,32.43,no,0,no,summer,91.9,0.0,0.1,5.2422732280085915,8.823788990938434
34819,Food,184,France,Germany,sea,11387.0,3,60,67,0.0,11.12,no,0,no,summer,94.4,0.0,0.1,8.928470889432239,8.823788990938434
80550,Electronics,153,Japan,USA,rail,12661.0,4,60,66,11591.85,9.35,no,0,no,summer,94.6,0.9155556433141142,0.1,6.178246129476981,15.19981997143669
98205,Electronics,624,Brazil,Japan,sea,12993.0,8,60,69,0.0,24.11,no,0,no,spring,91.0,0.0,0.1,5.741669322174768,8.823788990938434
22645,Pharma,535,Brazil,France,sea,9689.0,4,60,66,0.0,16.4,no,0,yes,winter,,0.0,0.1,10.653820182536432,8.823788990938434
94217,Pharma,920,China,India,road,434.0,3,2,7,452.38,0.74,no,0,no,summer,93.0,1.0423502304147465,0.1,4.484453978887629,16.926536614561726
2997,Pharma,602,India,India,sea,7305.0,5,60,69,0.0,15.55,no,0,no,summer,93.0,0.0,0.1,7.624357962407831,8.823788990938434
5179,Clothing,328,Brazil,China,sea,4009.0,2,60,66,0.0,32.03,no,0,no,winter,96.0,0.0,0.1,5.372823199069948,8.823788990938434
11923,Clothing,329,China,Japan,sea,8483.0,2,60,64,0.0,18.09,no,0,no,summer,90.3,0.0,0.1,9.972849960363906,8.823788990938434
87742,Food,408,France,France,sea,14870.0,3,60,67,0.0,25.12,no,0,no,summer,91.0,0.0,0.1,7.4565803010299705,8.823788990938434
10514,Food,337,UK,Brazil,sea,8214.0,4,60,66,0.0,13.46,no,0,no,winter,93.3,0.0,0.1,4.1808353199518296,8.823788990938434
76237,Food,39,China,UK,sea,6091.0,5,60,68,0.0,18.41,no,0,no,spring,95.9,0.0,0.1,4.7822363755514194,8.823788990938434
8036,Food,868,France,Japan,road,13146.0,4,60,65,12449.01,8.95,no,0,no,summer,90.2,0.9469808306709265,0.1,7.550240859956483,16.926536614561726
42376,Clothing,98,USA,France,sea,11412.0,4,60,66,0.0,28.82,no,0,no,autumn,94.0,0.0,0.1,5.296402131914869,8.823788990938434
10826,Clothing,723,UK,India,rail,7889.0,5,60,69,6441.52,28.48,no,0,yes,summer,54.6,0.816519203954874,0.1,9.261073697924818,15.19981997143669
30759,Machinery,814,USA,China,sea,3417.0,5,60,68,0.0,16.64,yes,2,no,winter,91.1,0.0,0.1,4.121394759271254,8.823788990938434
60016,Electronics,160,USA,USA,sea,2340.0,5,60,67,0.0,11.59,no,0,no,winter,98.9,0.0,0.1,6.951422747235605,8.823788990938434
42061,Food,764,China,India,sea,7354.0,8,60,71,0.0,16.33,no,0,no,summer,96.8,0.0,0.1,11.995474492129112,8.823788990938434
69683,Pharma,818,Brazil,India,sea,13249.0,3,60,67,0.0,24.51,no,0,no,autumn,94.3,0.0,0.1,10.741557876538288,8.823788990938434
93159,Electronics,488,USA,UK,sea,6858.0,6,60,70,0.0,29.13,no,0,no,autumn,97.0,0.0,0.1,7.172785018897791,8.823788990938434
57904,Food,706,Germany,USA,air,12293.0,3,24,28,49958.73,10.86,no,0,no,summer,99.7,4.063998210363621,0.1,8.694574768355336,8.817670958148845
39162,Food,184,Brazil,Brazil,sea,7838.0,2,60,65,0.0,13.96,no,0,no,autumn,90.3,0.0,0.1,9.101973827524452,8.823788990938434
2087,Pharma,629,USA,Japan,sea,9894.0,3,60,64,0.0,24.83,no,0,no,summer,97.5,0.0,0.1,11.327871849546117,8.823788990938434
95454,Pharma,117,China,Japan,road,3417.0,3,43,49,3090.32,11.37,no,0,yes,autumn,85.5,0.9043956687152473,0.1,10.890649741538493,16.926536614561726
58303,Electronics,820,Japan,China,air,12992.0,2,27,30,58478.37,13.5,yes,3,yes,winter,63.6,4.501106065270936,0.1,4.991610332223172,8.817670958148845
26113,Machinery,301,China,Germany,sea,4629.0,6,60,70,0.0,15.16,no,0,no,winter,99.8,0.0,0.1,9.608579229846207,8.823788990938434
53082,Machinery,257,India,Brazil,road,10222.0,5,60,66,9125.03,14.6,no,0,no,spring,94.8,0.8926853844648798,0.1,7.32365025332644,16.926536614561726
24187,Electronics,869,France,UK,sea,7725.0,6,60,69,0.0,32.21,no,0,no,autumn,97.1,0.0,0.1,9.583581670852388,8.823788990938434
54935,Pharma,153,France,China,sea,7057.0,7,60,69,0.0,10.51,no,0,no,summer,99.0,0.0,0.1,11.20972418908806,8.823788990938434
74909,Electronics,516,USA,China,sea,12095.0,2,60,63,0.0,30.41,no,0,no,summer,97.1,0.0,0.1,9.421064355736402,8.823788990938434
43258,Machinery,885,France,Japan,road,14194.0,3,60,67,12808.22,32.42,no,0,yes,summer,87.9,0.902368606453431,0.1,7.39069760248993,16.926536614561726
88879,Pharma,531,USA,Brazil,sea,1054.0,4,53,60,,9.65,no,0,no,spring,92.3,0.0,0.1,5.619779152906486,8.823788990938434
45283,Electronics,758,France,China,sea,9519.0,7,60,71,0.0,15.63,no,0,no,summer,92.8,0.0,0.1,6.143884315046601,8.823788990938434
31099,Food,935,Germany,Brazil,road,10257.0,3,60,65,10501.14,7.63,no,0,no,autumn,92.9,1.0238022813688212,0.1,4.370058041703133,16.926536614561726
506,Electronics,540,India,USA,sea,9319.0,5,60,68,0.0,11.16,no,0,no,winter,97.1,0.0,0.1,10.50702301815566,8.823788990938434
51428,Food,385,France,China,sea,11700.0,3,60,64,0.0,19.91,no,0,no,spring,91.0,0.0,0.1,9.465226240956534,8.823788990938434
50104,Clothing,596,Germany,France,road,12705.0,3,60,67,11562.46,15.62,yes,6,no,winter,97.1,0.9100716253443526,0.1,8.752875388520437,16.926536614561726
35346,Food,449,China,Germany,sea,1549.0,2,60,63,0.0,8.39,yes,11,no,winter,92.7,0.0,0.1,11.764040042090873,8.823788990938434
28746,Machinery,37,Germany,India,air,2575.0,3,4,9,13870.93,1.91,no,0,no,summer,99.5,5.3867689320388354,0.1,8.865155507689735,8.817670958148845
50799,Food,939,Germany,USA,sea,13107.0,2,60,66,0.0,23.93,no,0,no,winter,93.5,0.0,0.1,9.862868792186447,8.823788990938434
17498,Electronics,70,USA,France,sea,10183.0,5,60,68,0.0,21.46,no,0,no,summer,90.7,0.0,0.1,8.47652758881842,8.823788990938434
62447,Clothing,567,Brazil,France,sea,9996.0,5,60,66,0.0,26.7,no,0,no,summer,96.7,0.0,0.1,8.44218522897638,8.823788990938434
99463,Pharma,108,USA,USA,rail,2471.0,4,39,47,1977.1,19.84,no,0,no,autumn,97.6,0.8001214083367058,0.1,9.521675646400745,15.19981997143669
21551,Clothing,261,China,Japan,sea,8359.0,6,60,68,0.0,25.37,no,0,no,summer,97.4,0.0,0.1,5.318780612456388,8.823788990938434
49233,Electronics,609,Brazil,Germany,air,4144.0,3,9,15,17850.01,5.31,no,0,no,winter,99.3,4.307434845559845,0.1,6.980978180099584,8.817670958148845
128,Machinery,722,Germany,Brazil,sea,8326.0,2,60,64,0.0,18.44,no,0,no,summer,90.7,0.0,0.1,6.25031571656404,8.823788990938434
91790,Clothing,794,UK,France,air,9511.0,6,19,26,55079.69,7.94,no,0,no,winter,91.5,5.791156555567238,0.1,9.739365319789648,8.817670958148845
22611,Clothing,825,USA,China,road,1435.0,3,17,21,,10.28,no,0,no,winter,94.6,0.9412961672473867,0.1,7.1097989924939045,16.926536614561726
74251,Food,405,Japan,Japan,sea,743.0,4,36,43,0.0,16.76,no,0,no,spring,93.3,0.0,0.1,9.401000679721545,8.823788990938434
13131,Food,84,Germany,Japan,sea,12008.0,6,60,68,0.0,27.76,no,0,no,winter,93.9,0.0,0.1,10.390295307448476,8.823788990938434
83891,Pharma,687,India,UK,air,403.0,2,1,7,1872.71,1.37,no,0,no,spring,95.7,4.646923076923077,0.1,11.91040286192173,8.817670958148845
77803,Food,224,China,USA,sea,7160.0,6,60,67,0.0,18.05,no,0,yes,autumn,70.3,0.0,0.1,11.826944836786549,8.823788990938434
4149,Pharma,688,Japan,USA,sea,9840.0,4,60,66,0.0,30.32,no,0,no,spring,95.8,0.0,0.1,9.506006043398028,8.823788990938434
35914,Pharma,241,China,Germany,sea,10303.0,5,60,69,0.0,33.52,no,0,no,summer,91.1,0.0,0.1,9.931211216544561,8.823788990938434
55852,Electronics,53,Germany,UK,road,11835.0,1,60,64,11018.32,8.27,no,0,no,summer,94.9,0.9309945078158006,0.1,8.202642233588104,16.926536614561726
94926,Machinery,834,China,France,sea,2292.0,6,60,70,0.0,23.04,no,0,no,summer,93.1,0.0,0.1,7.073504123371202,8.823788990938434
86967,Clothing,606,India,Japan,sea,6801.0,5,60,66,0.0,15.78,no,0,no,spring,98.1,0.0,0.1,7.246538963595389,8.823788990938434
89460,Food,897,India,UK,sea,10315.0,9,60,72,0.0,27.84,no,0,no,spring,99.2,0.0,0.1,4.103150623826721,8.823788990938434
13199,Machinery,843,India,USA,road,9111.0,5,60,66,8270.91,15.64,no,0,no,autumn,91.5,0.9077938755350675,0.1,11.198692820441249,16.926536614561726
31162,Pharma,736,France,France,air,2511.0,5,5,13,13496.27,2.39,no,0,no,winter,92.5,5.3748586220629235,0.1,9.993516316603948,8.817670958148845
22197,Clothing,45,China,France,air,14582.0,2,30,36,58452.67,10.4,no,0,no,summer,100.0,4.008549581676039,0.1,7.411335366436099,8.817670958148845
39555,Machinery,593,India,China,road,3698.0,7,46,56,3982.32,23.12,no,0,no,spring,90.2,1.0768848025959978,0.1,5.248333958278449,16.926536614561726
22331,Pharma,226,India,France,air,11202.0,1,21,25,62680.91,6.79,no,0,no,summer,94.8,5.595510623103018,0.1,7.174313064963692,8.817670958148845
37130,Food,421,Germany,France,sea,2396.0,1,60,62,0.0,10.52,no,0,no,autumn,94.2,0.0,0.1,8.37835807101402,8.823788990938434
96495,Electronics,12,China,Japan,air,8937.0,2,17,20,48378.18,5.0,no,0,no,winter,95.1,5.4132460557233975,0.1,4.426231281405503,8.817670958148845
35464,Food,561,USA,Germany,road,10356.0,3,60,65,8889.18,12.09,no,0,no,autumn,91.9,0.8583603707995365,0.1,9.222311171728016,16.926536614561726
41648,Electronics,97,India,UK,road,5445.0,3,60,66,6197.69,29.13,no,0,no,spring,96.4,1.1382350780532597,0.1,7.782859742830704,16.926536614561726
80591,Food,761,USA,France,sea,14560.0,2,60,64,0.0,17.75,no,0,no,summer,99.1,0.0,0.1,10.860093512888849,8.823788990938434
76874,Electronics,685,Brazil,France,sea,3984.0,3,60,67,0.0,31.2,no,0,no,spring,96.5,0.0,0.1,8.667644641864886,8.823788990938434
96063,Electronics,252,Germany,UK,sea,14431.0,3,60,64,0.0,15.12,no,0,no,summer,93.4,0.0,0.1,8.538643469298062,8.823788990938434
20307,Clothing,607,India,UK,sea,11043.0,5,60,69,0.0,19.9,no,0,no,autumn,93.9,0.0,0.1,8.994603215178293,8.823788990938434
44708,Electronics,465,Germany,India,sea,12783.0,3,60,66,0.0,20.76,no,0,no,winter,90.5,0.0,0.1,4.877779600080576,8.823788990938434
6427,Clothing,273,Japan,India,road,5091.0,3,60,65,5567.64,23.91,no,0,no,spring,90.4,1.0936240424278139,0.1,9.914739715078664,16.926536614561726
92284,Clothing,917,USA,Brazil,sea,7681.0,2,60,65,0.0,10.68,no,0,yes,summer,,0.0,0.1,8.462850171339507,8.823788990938434
40471,Pharma,500,Brazil,India,air,14633.0,3,27,31,86870.91,5.82,no,0,no,winter,97.2,5.93664388710449,0.1,9.50035491280825,8.817670958148845
95335,Pharma,980,USA,Japan,air,9635.0,1,18,23,43280.06,9.4,no,0,no,autumn,95.8,4.491962636222107,0.1,9.79041246458479,8.817670958148845
63391,Pharma,388,India,China,road,2369.0,4,28,34,1961.84,16.44,no,0,no,summer,90.6,0.8281300126635711,0.1,8.84825588332232,16.926536614561726
68128,Machinery,386,France,Germany,sea,9784.0,5,60,66,0.0,9.9,no,0,no,autumn,94.3,0.0,0.1,9.450389474249356,8.823788990938434
66825,Clothing,642,Germany,France,sea,14489.0,6,60,70,0.0,28.52,no,0,no,winter,94.0,0.0,0.1,9.738649395729116,8.823788990938434
15885,Machinery,277,USA,Japan,rail,12904.0,3,60,65,11431.27,7.16,no,0,yes,spring,63.7,0.8858702727836331,0.1,10.31318251175654,15.19981997143669
55380,Food,499,France,Germany,road,7269.0,2,60,63,8118.33,18.17,no,0,no,winter,90.1,1.1168427569129178,0.1,6.7820633280147264,16.926536614561726
17285,Food,406,India,UK,sea,7764.0,3,60,67,0.0,27.72,no,0,no,winter,96.3,0.0,0.1,8.285846942236041,8.823788990938434
79955,Machinery,424,India,Brazil,sea,4962.0,1,60,65,0.0,9.43,yes,7,no,winter,97.5,0.0,0.1,8.731506863531685,8.823788990938434
39522,Food,22,USA,Germany,rail,3122.0,2,52,55,2683.99,13.67,no,0,no,spring,99.2,0.8597021140294682,0.1,8.839598425737222,15.19981997143669
28127,Electronics,114,USA,China,sea,3845.0,2,60,65,0.0,24.8,no,0,no,spring,93.2,0.0,0.1,9.493586956432726,8.823788990938434
77658,Pharma,526,China,UK,road,8833.0,3,60,67,7694.99,29.74,no,0,no,winter,98.2,0.8711638175025472,0.1,5.51941253641937,16.926536614561726
19109,Clothing,134,France,Japan,air,8053.0,2,16,22,35463.28,10.54,yes,1,no,winter,93.0,4.40373525394263,0.1,9.882901850385602,8.817670958148845
53738,Food,535,France,France,air,13121.0,3,26,33,77250.61,14.89,no,0,no,autumn,93.5,5.887555064400579,0.1,6.291123890416053,8.817670958148845
46154,Clothing,499,China,China,road,11260.0,4,60,67,11328.29,17.8,yes,4,no,autumn,91.8,1.0060648312611014,0.1,9.257783120450714,16.926536614561726
19171,Electronics,102,Brazil,Brazil,sea,7616.0,5,60,66,0.0,24.81,no,0,no,autumn,93.3,0.0,0.1,7.556462824250654,8.823788990938434
10219,Pharma,396,Brazil,Brazil,sea,5394.0,3,60,66,0.0,23.89,no,0,yes,spring,65.6,0.0,0.1,9.770196216349365,8.823788990938434
86763,Electronics,764,UK,France,air,11388.0,7,21,31,56409.08,11.91,no,0,no,autumn,98.8,4.95337899543379,0.1,8.13462919704099,8.817670958148845
51076,Machinery,869,Japan,Japan,sea,13229.0,6,60,67,0.0,18.55,no,0,no,spring,98.5,0.0,0.1,11.034562090484311,8.823788990938434
42620,Machinery,584,Brazil,India,sea,4522.0,5,60,67,0.0,25.07,no,0,no,autumn,97.8,0.0,0.1,11.670617686561927,8.823788990938434
96402,Food,366,USA,USA,sea,3789.0,3,60,64,0.0,27.83,yes,11,no,winter,97.1,0.0,0.1,9.595420814138542,8.823788990938434
18653,Pharma,309,USA,France,sea,12676.0,5,60,66,0.0,18.63,yes,5,yes,autumn,51.7,0.0,0.1,5.609381492254023,8.823788990938434
73941,Pharma,25,UK,Germany,road,6565.0,4,60,65,5349.44,12.6,no,0,no,spring,99.7,0.8148423457730388,0.1,11.595313104082326,16.926536614561726
96556,Machinery,992,India,Germany,air,3831.0,1,7,12,18178.58,1.76,no,0,yes,spring,57.2,4.74512659879927,0.1,10.337984013934907,8.817670958148845
14763,Electronics,441,Japan,UK,road,11349.0,5,60,67,10374.95,14.67,no,0,no,spring,90.0,0.9141730548947045,0.1,7.452491099850004,16.926536614561726
22978,Machinery,929,UK,Germany,road,13145.0,3,60,64,10526.1,31.4,no,0,no,spring,92.5,0.8007683529859262,0.1,5.950078666472814,16.926536614561726
21759,Pharma,322,USA,Brazil,road,1518.0,1,18,22,1300.82,6.08,no,0,no,summer,96.8,0.8569301712779973,0.1,10.973044247215206,16.926536614561726
39715,Electronics,651,France,Germany,sea,1882.0,4,60,65,0.0,10.19,no,0,no,winter,96.4,0.0,0.1,4.494495625207051,8.823788990938434
92767,Clothing,256,Japan,USA,sea,5340.0,3,60,65,0.0,29.5,no,0,no,spring,98.7,0.0,0.1,9.972614945669958,8.823788990938434
34353,Clothing,25,Japan,USA,sea,8756.0,4,60,66,0.0,30.7,no,0,no,spring,95.1,0.0,0.1,6.798234296182661,8.823788990938434
64571,Food,16,Germany,USA,air,11155.0,1,22,27,46157.37,9.85,no,0,no,spring,97.9,4.137818915284626,0.1,11.901691696007118,8.817670958148845
23842,Machinery,606,Japan,UK,air,5192.0,3,9,15,21544.79,2.56,yes,4,no,winter,93.1,4.149612865947612,0.1,9.404575920863572,8.817670958148845
96689,Electronics,923,France,China,air,11418.0,3,22,29,47147.61,3.48,no,0,no,winter,98.7,4.129235417761429,0.1,7.969919158905217,8.817670958148845
73206,Clothing,702,India,China,air,618.0,3,1,8,2934.29,3.13,no,0,no,spring,91.6,4.7480420711974105,0.1,9.106620761658453,8.817670958148845
32319,Clothing,177,Brazil,India,road,4532.0,6,55,64,,23.07,no,0,no,autumn,95.7,1.0889541041482789,0.1,11.998909519492184,16.926536614561726
37834,Electronics,96,USA,USA,sea,12966.0,5,60,67,0.0,8.89,yes,11,no,spring,96.3,0.0,0.1,6.936081850845191,8.823788990938434
36199,Clothing,564,China,Germany,road,468.0,2,5,11,549.43,3.33,yes,4,no,winter,93.7,1.1739957264957264,0.1,10.610665805007987,16.926536614561726
2260,Clothing,676,France,China,road,8577.0,1,60,63,6865.01,19.63,no,0,no,autumn,96.7,0.8003975749096421,0.1,5.405381881206902,16.926536614561726
68357,Machinery,435,Brazil,Germany,rail,9754.0,3,60,64,10154.75,23.82,no,0,no,autumn,,1.041085708427312,0.1,5.992681449634103,15.19981997143669
71108,Electronics,57,India,China,air,1024.0,2,1,4,4549.74,0.68,yes,11,no,spring,90.9,4.44310546875,0.1,10.58903104786561,8.817670958148845
18988,Pharma,513,USA,Germany,air,10414.0,4,21,28,43011.16,3.88,no,0,no,winter,98.0,4.130128672940273,0.1,10.90275317942932,8.817670958148845
77362,Clothing,753,Japan,USA,sea,14439.0,3,60,66,0.0,13.44,no,0,no,autumn,95.4,0.0,0.1,7.6740373365580545,8.823788990938434
17837,Electronics,740,UK,USA,sea,9536.0,6,60,69,0.0,20.01,no,0,no,spring,99.3,0.0,0.1,8.371448711854345,8.823788990938434
82328,Food,615,Japan,India,air,13146.0,3,26,32,59343.58,3.28,no,0,no,spring,91.3,4.514192910390993,0.1,10.225874561470036,8.817670958148845
1055,Pharma,362,China,Brazil,sea,7145.0,5,60,68,0.0,17.84,yes,4,no,spring,90.7,0.0,0.1,11.511963489688249,8.823788990938434
15923,Pharma,673,India,Japan,road,2581.0,6,31,38,2973.21,18.37,no,0,no,summer,94.5,1.1519604804339403,0.1,10.898051056713758,16.926536614561726
92671,Clothing,567,India,Japan,sea,6006.0,5,60,69,0.0,21.02,no,0,no,autumn,99.1,0.0,0.1,5.844531735175642,8.823788990938434
86992,Pharma,229,China,Germany,road,10587.0,4,60,67,11691.0,19.61,no,0,no,spring,96.6,1.104278832530462,0.1,7.662164510304637,16.926536614561726
503,Pharma,890,USA,Japan,sea,10749.0,3,60,66,0.0,6.78,no,0,no,winter,98.1,0.0,0.1,8.97637270044205,8.823788990938434
89645,Clothing,590,Japan,Brazil,air,3875.0,2,7,13,22011.8,3.6,no,0,no,summer,90.4,5.680464516129032,0.1,7.56233869664788,8.817670958148845
69374,Machinery,103,Japan,India,road,4768.0,4,59,67,4231.23,13.52,no,0,no,summer,92.3,0.887422399328859,0.1,6.947954710856357,16.926536614561726
27596,Pharma,877,Japan,UK,air,1016.0,1,1,5,4188.0,2.35,no,0,no,summer,97.6,4.122047244094488,0.1,6.3747531691337995,8.817670958148845
34626,Pharma,507,Brazil,UK,sea,12542.0,2,60,63,0.0,26.69,no,0,no,autumn,93.4,0.0,0.1,11.610180473457469,8.823788990938434
32867,Machinery,750,France,India,sea,3027.0,4,60,65,0.0,17.99,no,0,no,winter,93.2,0.0,0.1,9.88441708874181,8.823788990938434
32771,Food,801,China,China,road,5531.0,6,60,70,4524.04,19.8,no,0,no,summer,95.4,0.8179425058759718,0.1,5.477915616085075,16.926536614561726
37819,Electronics,951,Japan,UK,road,12329.0,9,60,72,,10.69,no,0,no,summer,96.6,1.1356752372455188,0.1,11.253758637894599,16.926536614561726
90215,Electronics,341,Brazil,Japan,air,8700.0,4,18,26,39950.36,11.53,yes,14,no,winter,91.8,4.591995402298851,0.1,11.131265268009457,8.817670958148845
52988,Pharma,903,Germany,UK,road,8459.0,5,60,68,7144.68,23.03,no,0,no,summer,99.6,0.8446246601253103,0.1,10.616390333848905,16.926536614561726
23884,Machinery,554,India,China,sea,10912.0,3,60,64,0.0,23.08,yes,10,no,winter,94.5,0.0,0.1,10.230489907315159,8.823788990938434
95435,Electronics,715,UK,China,sea,6815.0,5,60,69,0.0,18.01,no,0,no,spring,93.3,0.0,0.1,8.720720727956305,8.823788990938434
40421,Food,29,France,Germany,road,592.0,5,6,13,621.02,2.74,no,0,no,summer,93.2,1.0490202702702702,0.1,7.437239454995546,16.926536614561726
59727,Machinery,553,Brazil,Germany,sea,9215.0,4,60,65,0.0,9.59,no,0,no,summer,96.8,0.0,0.1,4.517091793593838,8.823788990938434
68521,Electronics,648,Japan,UK,road,9770.0,5,60,68,8578.46,8.93,no,0,no,summer,91.3,0.8780409416581371,0.1,4.685963928373844,16.926536614561726
88204,Clothing,356,Germany,Brazil,sea,708.0,2,35,41,0.0,8.76,no,0,no,winter,91.0,0.0,0.1,4.05580027386301,8.823788990938434
57323,Electronics,877,China,Japan,sea,10175.0,5,60,67,0.0,23.89,no,0,no,autumn,90.7,0.0,0.1,8.068067297603639,8.823788990938434
97140,Pharma,471,France,UK,road,2003.0,3,25,30,2232.07,5.51,yes,5,no,autumn,95.7,1.1143634548177734,0.1,5.268649183591499,16.926536614561726
9544,Electronics,228,UK,France,sea,6284.0,3,60,67,0.0,33.15,no,0,no,spring,96.4,0.0,0.1,6.395013947157499,8.823788990938434
13465,Clothing,699,Japan,Japan,air,5079.0,4,9,16,24675.78,6.97,no,0,no,autumn,92.6,4.858393384524512,0.1,5.757560862985403,8.817670958148845
19426,Electronics,314,Japan,Brazil,road,14629.0,6,60,70,17228.98,23.54,no,0,no,autumn,94.3,1.1777278009433316,0.1,4.656821762270912,16.926536614561726
38854,Pharma,921,Germany,UK,road,8457.0,5,60,68,8104.13,15.42,no,0,no,spring,99.2,0.958274801939222,0.1,7.587069883855053,16.926536614561726
99864,Machinery,589,India,Brazil,sea,7998.0,4,60,67,0.0,31.56,no,0,no,autumn,91.8,0.0,0.1,5.9951800360493115,8.823788990938434
24711,Food,373,China,USA,sea,3634.0,4,60,68,0.0,17.02,no,0,no,spring,96.4,0.0,0.1,6.928164775667327,8.823788990938434
60468,Pharma,209,USA,India,sea,13137.0,1,60,62,0.0,25.91,yes,11,no,winter,98.0,0.0,0.1,7.906574771550364,8.823788990938434
1385,Pharma,808,France,France,road,1850.0,6,23,30,1850.57,14.4,no,0,yes,spring,51.4,1.000308108108108,0.1,4.330444328248865,16.926536614561726
4700,Clothing,582,China,India,road,9517.0,6,60,67,9501.06,17.36,no,0,no,autumn,98.7,0.9983251024482505,0.1,6.578684111911547,16.926536614561726
45450,Pharma,63,USA,Brazil,air,824.0,3,2,7,3759.16,3.02,no,0,no,summer,90.9,4.5620873786407765,0.1,5.244130241817032,8.817670958148845
65203,Food,288,India,UK,sea,2858.0,2,60,63,0.0,29.89,no,0,no,summer,94.5,0.0,0.1,10.04432581418073,8.823788990938434
60091,Clothing,74,UK,Japan,air,3720.0,2,8,13,21992.45,2.08,no,0,no,spring,99.8,5.911948924731183,0.1,8.792164780804427,8.817670958148845
31471,Electronics,971,France,Germany,sea,8408.0,5,60,68,0.0,11.23,no,0,no,autumn,98.6,0.0,0.1,10.213264333772923,8.823788990938434
69020,Machinery,610,Germany,Japan,air,850.0,4,2,7,3448.58,1.67,no,0,no,winter,95.0,4.05715294117647,0.1,6.091045039569459,8.817670958148845
51759,Clothing,190,Japan,USA,air,10383.0,4,20,28,50852.03,13.29,no,0,no,autumn,97.1,4.89762400077049,0.1,8.287790000835958,8.817670958148845
59099,Electronics,831,UK,Germany,sea,12786.0,5,60,69,0.0,19.45,no,0,no,spring,92.5,0.0,0.1,9.492723783652936,8.823788990938434
78633,Machinery,309,Germany,Brazil,sea,806.0,6,40,50,0.0,16.2,no,0,no,autumn,96.7,0.0,0.1,7.21910926721648,8.823788990938434
31734,Clothing,27,Germany,Germany,road,9009.0,4,60,68,8368.83,9.88,no,0,no,summer,90.6,0.9289410589410589,0.1,4.2072449306317115,16.926536614561726
5983,Electronics,660,France,France,sea,6109.0,6,60,68,0.0,16.4,no,0,no,winter,97.8,0.0,0.1,10.984933729455282,8.823788990938434
7332,Machinery,629,UK,India,sea,3699.0,6,60,70,0.0,14.07,yes,2,no,summer,97.7,0.0,0.1,9.431194703743298,8.823788990938434
78675,Machinery,572,Germany,India,sea,11307.0,2,60,65,0.0,26.01,no,0,no,winter,97.5,0.0,0.1,8.98875434245723,8.823788990938434
4081,Electronics,627,India,Brazil,sea,8175.0,5,60,67,0.0,16.37,no,0,no,winter,96.5,0.0,0.1,8.418651084935693,8.823788990938434
48601,Food,190,France,UK,sea,2816.0,4,60,65,0.0,7.08,no,0,no,winter,91.1,0.0,0.1,11.656270491117017,8.823788990938434
68955,Machinery,974,France,Japan,air,5581.0,5,10,17,33480.34,3.24,yes,6,no,winter,91.2,5.998985844830675,0.1,8.370339599393962,8.817670958148845
13548,Pharma,30,France,Japan,rail,7808.0,2,60,65,9281.26,14.22,no,0,no,spring,93.0,1.1886859631147542,0.1,11.274640959267371,15.19981997143669
7117,Electronics,932,Japan,Japan,sea,3711.0,3,60,67,0.0,10.51,no,0,no,autumn,99.0,0.0,0.1,6.189176254697359,8.823788990938434
72131,Electronics,723,Germany,India,rail,14322.0,6,60,67,14193.3,24.99,no,0,no,winter,91.6,0.9910138248847926,0.1,11.687968802339872,15.19981997143669
11135,Clothing,799,UK,Japan,air,5387.0,4,10,18,31480.45,8.78,yes,2,no,autumn,90.7,5.8437813254130315,0.1,4.203382816077303,8.817670958148845
57993,Clothing,236,Germany,UK,air,5792.0,2,12,18,26905.98,7.95,no,0,no,summer,93.3,4.645369475138121,0.1,7.748893810200073,8.817670958148845
62438,Machinery,950,India,France,road,11323.0,4,60,65,10570.11,32.2,no,0,no,summer,96.5,0.933507904265654,0.1,7.640563939107942,16.926536614561726
26595,Pharma,775,USA,UK,road,3482.0,4,44,51,3407.29,22.84,no,0,no,winter,93.8,0.978543940264216,0.1,11.99609166597163,16.926536614561726
20442,Food,606,Germany,France,air,471.0,2,1,4,2006.37,0.54,no,0,no,autumn,99.1,4.259808917197452,0.1,8.004665776163458,8.817670958148845
65948,Clothing,165,India,China,sea,6775.0,4,60,65,0.0,11.32,no,0,no,autumn,94.2,0.0,0.1,5.985175561601856,8.823788990938434
96591,Clothing,387,India,UK,sea,12156.0,6,60,67,0.0,24.84,no,0,no,summer,96.5,0.0,0.1,5.652166881178416,8.823788990938434
43538,Clothing,322,Germany,UK,rail,3923.0,6,60,68,4069.32,18.88,no,0,no,winter,94.4,1.0372979862350242,0.1,10.46758506993351,15.19981997143669
20267,Clothing,724,Japan,Germany,air,13399.0,4,24,31,54364.28,4.42,no,0,no,autumn,93.2,4.057338607358758,0.1,9.688760971650867,8.817670958148845
64013,Machinery,8,Japan,Japan,road,13386.0,3,60,67,10801.79,11.96,no,0,no,summer,92.3,0.8069468101001046,0.1,6.799942001988003,16.926536614561726
2169,Food,325,Brazil,India,air,12462.0,4,24,31,50728.89,13.61,no,0,no,spring,91.4,4.07068608570053,0.1,5.085614645002111,8.817670958148845
59866,Food,571,India,Japan,sea,815.0,6,40,49,0.0,22.94,no,0,no,autumn,98.2,0.0,0.1,11.578506060445005,8.823788990938434
27877,Pharma,271,USA,France,sea,10983.0,1,60,62,0.0,24.62,no,0,no,spring,94.9,0.0,0.1,11.168157777628013,8.823788990938434
89079,Electronics,46,USA,Brazil,sea,13840.0,3,60,66,0.0,14.09,no,0,no,autumn,99.8,0.0,0.1,8.593418289288028,8.823788990938434
95367,Pharma,241,UK,UK,rail,12248.0,1,60,63,13841.04,30.49,no,0,no,spring,97.8,1.130065316786414,0.1,5.209213806918211,15.19981997143669
91412,Food,24,Japan,China,air,1697.0,2,3,7,8178.15,1.97,no,0,no,spring,94.8,4.819180907483795,0.1,4.937492388889102,8.817670958148845
29223,Pharma,814,UK,USA,road,6878.0,3,60,66,6774.88,20.79,no,0,no,autumn,99.5,0.9850072695551032,0.1,5.624731913762036,16.926536614561726
76824,Electronics,578,UK,China,rail,1172.0,4,18,23,1238.49,9.15,no,0,no,spring,95.3,1.0567320819112629,0.1,10.843005468603916,15.19981997143669
29338,Electronics,436,Japan,Japan,road,4104.0,4,51,58,4426.48,9.96,no,0,no,winter,90.8,1.078576998050682,0.1,9.57169480177556,16.926536614561726
90330,Clothing,744,France,UK,road,5100.0,3,60,66,5006.15,24.64,no,0,no,winter,98.5,0.9815980392156862,0.1,8.889773477137167,16.926536614561726
805,Clothing,747,UK,India,sea,6579.0,1,60,64,0.0,23.81,no,0,no,summer,97.9,0.0,0.1,4.739657284001943,8.823788990938434
39886,Clothing,508,Japan,China,sea,4772.0,5,60,68,0.0,31.66,no,0,no,spring,98.4,0.0,0.1,11.36756245791222,8.823788990938434
42561,Pharma,140,Brazil,UK,air,5719.0,4,11,17,25348.3,2.61,no,0,no,winter,93.7,4.432295855918867,0.1,5.992329147294568,8.817670958148845
78784,Pharma,939,France,USA,sea,5762.0,2,60,64,0.0,30.14,no,0,no,spring,92.8,0.0,0.1,11.350542816103033,8.823788990938434
30513,Machinery,413,China,UK,air,10568.0,2,20,24,57439.74,9.44,no,0,no,summer,90.8,5.435251703255109,0.1,6.856426551815286,8.817670958148845
80442,Electronics,436,China,Brazil,air,4642.0,4,8,14,22938.38,5.08,no,0,no,autumn,100.0,4.94148642826368,0.1,7.951542162223571,8.817670958148845
37144,Food,67,France,France,sea,6176.0,6,60,67,0.0,21.62,no,0,no,autumn,94.9,0.0,0.1,9.454183856277709,8.823788990938434
21593,Pharma,6,France,UK,rail,11129.0,7,60,70,11179.79,13.18,no,0,no,autumn,98.4,1.0045637523587025,0.1,9.195136098715448,15.19981997143669
9203,Pharma,390,China,Brazil,sea,1786.0,7,60,70,0.0,26.49,yes,3,no,winter,97.0,0.0,0.1,9.966947951983556,8.823788990938434
76452,Machinery,549,Germany,Japan,road,3168.0,5,39,47,3365.37,15.02,no,0,no,autumn,93.8,1.0623011363636363,0.1,9.759850800381528,16.926536614561726
54011,Pharma,515,Brazil,India,road,14652.0,7,60,69,14903.0,14.33,no,0,no,spring,98.6,1.0171307671307672,0.1,8.987868432658527,16.926536614561726
66861,Machinery,443,UK,China,sea,7460.0,8,60,69,0.0,32.82,no,0,no,autumn,98.0,0.0,0.1,9.110418566833925,8.823788990938434
81149,Food,936,India,Germany,air,4314.0,7,8,17,22340.4,6.5,yes,1,no,winter,91.5,5.178581363004173,0.1,10.83190840134791,8.817670958148845
49499,Food,337,UK,France,sea,5613.0,4,60,66,0.0,11.31,yes,5,no,winter,95.0,0.0,0.1,11.177178022840565,8.823788990938434
2874,Electronics,960,Japan,USA,road,14135.0,5,60,69,12309.77,26.71,no,0,no,winter,99.7,0.8708715953307393,0.1,11.043679645976571,16.926536614561726
52217,Food,697,France,India,sea,13559.0,2,60,63,0.0,11.6,no,0,no,summer,97.3,0.0,0.1,4.122128363882266,8.823788990938434
75293,Food,904,China,UK,sea,12883.0,1,60,62,0.0,17.14,no,0,no,autumn,92.6,0.0,0.1,11.596623191574302,8.823788990938434
66694,Clothing,552,Germany,Germany,road,4530.0,5,57,66,4995.54,29.13,no,0,no,autumn,99.7,1.1027682119205298,0.1,8.421126914673977,16.926536614561726
37980,Electronics,27,China,Brazil,air,14677.0,3,29,36,86170.53,3.86,no,0,no,autumn,94.4,5.8711269332969955,0.1,10.663845077520227,8.817670958148845
135,Food,336,UK,Brazil,air,6836.0,4,12,17,39483.89,3.27,no,0,no,summer,94.3,5.775876243417203,0.1,11.740984398197877,8.817670958148845
27820,Food,669,Brazil,India,sea,1463.0,4,60,67,0.0,7.82,no,0,no,summer,97.2,0.0,0.1,11.153977952439119,8.823788990938434
79185,Pharma,417,France,UK,sea,8882.0,5,60,66,0.0,22.48,no,0,no,winter,90.3,0.0,0.1,5.672811254461488,8.823788990938434
19321,Electronics,385,Japan,China,air,199.0,3,1,6,912.14,1.03,no,0,no,summer,91.6,4.583618090452261,0.1,9.252991523710762,8.817670958148845
51421,Clothing,638,China,India,road,4967.0,4,60,66,4960.33,13.76,no,0,no,summer,99.0,0.9986571371048922,0.1,8.109685476377756,16.926536614561726
84149,Machinery,564,Brazil,Germany,sea,11823.0,9,60,71,0.0,22.41,no,0,no,winter,90.4,0.0,0.1,8.789989324062207,8.823788990938434
8543,Pharma,671,France,Japan,rail,14685.0,3,60,66,17148.78,30.4,no,0,no,autumn,92.6,1.1677752808988764,0.1,8.514721097070005,15.19981997143669
5604,Pharma,948,Germany,Germany,road,7393.0,2,60,64,6157.09,7.49,no,0,no,autumn,95.7,0.8328269985121061,0.1,5.520558622445884,16.926536614561726
54807,Clothing,287,Japan,China,sea,12008.0,2,60,64,0.0,18.95,no,0,no,summer,93.4,0.0,0.1,7.287063848594606,8.823788990938434
35704,Electronics,541,Brazil,India,air,14829.0,2,29,33,76232.97,6.39,no,0,no,winter,93.8,5.140803155978151,0.1,8.038500306176616,8.817670958148845
23210,Food,42,Brazil,USA,rail,3870.0,4,60,67,3761.02,25.66,no,0,no,winter,92.6,0.9718397932816537,0.1,6.880453899771165,15.19981997143669
86623,Food,892,Brazil,UK,road,2190.0,9,28,38,2386.62,12.57,yes,2,no,spring,92.7,1.0897808219178082,0.1,5.508416192843159,16.926536614561726
87467,Machinery,808,China,Germany,sea,9588.0,5,60,68,0.0,8.41,no,0,no,winter,97.2,0.0,0.1,6.295742246887292,8.823788990938434
48273,Food,838,China,India,sea,8560.0,3,60,67,0.0,11.8,no,0,no,winter,,0.0,0.1,4.8219047859295205,8.823788990938434
11754,Clothing,681,Germany,Brazil,air,3069.0,3,7,12,17530.67,4.35,no,0,no,summer,94.9,5.712176604757249,0.1,10.487516538247887,8.817670958148845
71535,Machinery,71,Germany,France,road,852.0,3,12,17,830.11,5.52,no,0,yes,spring,71.3,0.9743075117370892,0.1,9.102019189007208,16.926536614561726
95134,Pharma,277,France,Japan,sea,4591.0,3,60,67,0.0,12.67,no,0,no,spring,91.1,0.0,0.1,4.743741281831748,8.823788990938434
77145,Machinery,665,China,USA,air,11287.0,2,24,30,45660.57,3.62,no,0,no,spring,93.6,4.045412421369718,0.1,8.264727804474575,8.817670958148845
26555,Electronics,843,Japan,USA,sea,13188.0,2,60,64,0.0,13.88,no,0,no,summer,96.8,0.0,0.1,11.119343211557572,8.823788990938434
48390,Electronics,274,India,Japan,road,7030.0,2,60,65,6342.17,27.28,no,0,no,summer,96.6,0.9021578947368422,0.1,11.310581039923747,16.926536614561726
42578,Machinery,642,India,Japan,sea,8604.0,3,60,65,,30.36,no,0,no,autumn,97.2,0.0,0.1,10.447817372575116,8.823788990938434
14793,Pharma,112,France,Japan,air,500.0,2,1,7,2065.09,2.37,no,0,no,spring,98.9,4.13018,0.1,11.572799462193409,8.817670958148845
99624,Pharma,256,USA,India,sea,12494.0,4,60,66,0.0,30.68,no,0,no,autumn,91.3,0.0,0.1,6.193238411824697,8.823788990938434
21809,Clothing,592,Germany,India,sea,3699.0,8,60,72,0.0,30.41,no,0,no,autumn,96.9,0.0,0.1,10.592071889358188,8.823788990938434
343,Food,182,China,Brazil,sea,10419.0,1,60,64,0.0,7.51,no,0,no,spring,91.8,0.0,0.1,8.17756802122144,8.823788990938434
53481,Pharma,618,India,Brazil,sea,9630.0,2,60,64,0.0,19.49,no,0,no,winter,97.5,0.0,0.1,5.268200597881522,8.823788990938434
11726,Pharma,33,India,USA,sea,14479.0,3,60,66,0.0,27.64,no,0,no,winter,90.6,0.0,0.1,8.070168648975294,8.823788990938434
95337,Machinery,775,USA,USA,sea,6312.0,3,60,67,0.0,21.68,yes,10,no,winter,93.2,0.0,0.1,8.70408498584623,8.823788990938434
73551,Food,403,France,Germany,sea,8280.0,5,60,68,0.0,17.77,no,0,no,spring,98.2,0.0,0.1,4.475889492824329,8.823788990938434
79515,Food,436,Brazil,France,sea,2420.0,4,60,65,0.0,11.0,no,0,no,summer,,0.0,0.1,9.05207616822068,8.823788990938434
65676,Clothing,93,Brazil,India,sea,5197.0,3,60,64,0.0,22.46,no,0,no,spring,96.2,0.0,0.1,7.9849198434985365,8.823788990938434
61254,Clothing,274,China,China,rail,3704.0,4,60,68,3266.92,30.18,yes,7,no,summer,91.3,0.8819978401727862,0.1,5.093865363020894,15.19981997143669
15778,Clothing,246,China,USA,road,1158.0,4,16,22,1142.33,9.0,no,0,no,autumn,99.9,0.98646804835924,0.1,6.653702692515761,16.926536614561726
51538,Pharma,765,UK,France,sea,1719.0,2,60,63,0.0,16.81,no,0,no,autumn,98.9,0.0,0.1,8.523741406740818,8.823788990938434
41587,Food,812,Japan,USA,sea,3881.0,5,60,67,0.0,12.27,yes,11,no,autumn,93.8,0.0,0.1,9.851269037592024,8.823788990938434
86978,Food,984,France,Brazil,sea,10386.0,5,60,68,0.0,22.62,no,0,no,winter,95.0,0.0,0.1,6.390858793778311,8.823788990938434
81365,Food,256,USA,USA,sea,223.0,6,10,20,0.0,7.41,no,0,no,autumn,96.4,0.0,0.1,4.9196333916284845,8.823788990938434
10850,Electronics,373,Japan,USA,rail,7883.0,4,60,65,8845.82,19.56,no,0,no,spring,94.0,1.1221387796524165,0.1,10.172570369564237,15.19981997143669
3000,Machinery,979,France,Germany,air,3687.0,3,7,12,21806.42,5.25,no,0,no,winter,91.0,5.914407377271494,0.1,7.491980546245231,8.817670958148845
84349,Electronics,183,India,China,air,8876.0,4,18,24,53166.11,6.36,no,0,no,spring,99.9,5.989872690401081,0.1,6.4633994568729936,8.817670958148845
87136,Machinery,408,Japan,UK,sea,13137.0,5,60,69,0.0,21.3,no,0,no,autumn,91.8,0.0,0.1,11.787477441871104,8.823788990938434
44834,Clothing,728,India,China,sea,4892.0,4,60,67,0.0,18.32,no,0,no,winter,93.2,0.0,0.1,10.712345476747895,8.823788990938434
22930,Clothing,847,Brazil,Germany,sea,5438.0,7,60,68,0.0,31.87,no,0,no,summer,94.8,0.0,0.1,9.498635628038375,8.823788990938434
57083,Clothing,542,France,Japan,rail,14655.0,5,60,67,14490.57,14.48,no,0,no,autumn,92.7,0.9887799385875128,0.1,5.704834575159822,15.19981997143669
8937,Pharma,509,Germany,UK,road,1850.0,5,23,29,2134.53,11.7,no,0,no,spring,98.0,1.1538000000000002,0.1,9.335707513731403,16.926536614561726
29932,Food,490,France,India,sea,5214.0,6,60,69,0.0,7.02,no,0,no,autumn,97.4,0.0,0.1,9.343797143672859,8.823788990938434
8192,Pharma,961,Japan,France,air,11397.0,5,21,27,61794.23,9.99,no,0,no,summer,92.7,5.4219733263139425,0.1,11.029168147254222,8.817670958148845
674,Machinery,125,France,France,sea,810.0,7,38,47,0.0,20.0,no,0,no,autumn,90.5,0.0,0.1,4.643466184760522,8.823788990938434
48783,Clothing,665,UK,France,sea,8815.0,1,60,62,0.0,9.65,no,0,no,summer,94.5,0.0,0.1,6.378487377669577,8.823788990938434
46463,Machinery,700,Japan,UK,rail,11031.0,2,60,63,11138.55,8.49,no,0,no,spring,90.6,1.0097497960293718,0.1,5.075374794322998,15.19981997143669
2484,Clothing,135,France,UK,sea,14634.0,2,60,66,0.0,7.04,no,0,no,summer,92.9,0.0,0.1,11.900694445552187,8.823788990938434
67047,Food,652,UK,Japan,sea,5133.0,5,60,68,0.0,21.31,no,0,no,autumn,99.3,0.0,0.1,5.375052025617432,8.823788990938434
18476,Machinery,852,Germany,Japan,sea,9139.0,4,60,68,,14.3,no,0,no,winter,93.5,0.0,0.1,8.144796477049782,8.823788990938434
71192,Clothing,220,France,Japan,sea,6324.0,6,60,69,0.0,25.14,no,0,no,winter,95.1,0.0,0.1,8.022106897997629,8.823788990938434
74111,Electronics,839,Germany,China,road,11211.0,8,60,71,12478.2,27.63,yes,6,no,autumn,95.1,1.1130318437249132,0.1,8.312342211289764,16.926536614561726
94380,Electronics,223,Germany,Japan,sea,292.0,7,14,22,0.0,5.48,no,0,no,summer,95.8,0.0,0.1,4.277773529467396,8.823788990938434
56603,Electronics,104,Japan,Japan,sea,12463.0,7,60,69,0.0,32.46,no,0,no,summer,99.5,0.0,0.1,6.249310699248504,8.823788990938434
81512,Machinery,696,UK,France,air,2824.0,4,7,14,14733.79,6.64,no,0,no,winter,99.8,5.2173477337110485,0.1,11.96761204917615,8.817670958148845
81263,Pharma,614,UK,Japan,air,9123.0,3,16,20,45503.9,8.65,no,0,no,winter,97.7,4.9878219883810155,0.1,11.130677285895473,8.817670958148845
60034,Clothing,787,Brazil,China,road,7758.0,8,60,72,8282.39,20.67,no,0,no,summer,97.6,1.067593451920598,0.1,5.88826633484652,16.926536614561726
90919,Pharma,9,Japan,Brazil,rail,1175.0,5,17,24,1099.22,6.17,yes,4,no,summer,92.1,0.9355063829787235,0.1,4.757326730578205,15.19981997143669
48642,Machinery,742,Japan,Japan,sea,11062.0,3,60,66,0.0,16.59,yes,6,no,autumn,93.6,0.0,0.1,4.614192982644518,8.823788990938434
82817,Electronics,913,India,China,road,8839.0,3,60,64,9677.07,26.14,no,0,no,winter,92.0,1.0948150243240184,0.1,10.926192536604178,16.926536614561726
69037,Food,781,France,UK,sea,13243.0,4,60,68,0.0,21.76,no,0,no,summer,96.7,0.0,0.1,11.802889057812454,8.823788990938434
47979,Machinery,377,UK,UK,road,12634.0,3,60,66,10270.29,19.3,no,0,no,spring,97.8,0.8129088174766503,0.1,8.09739335447209,16.926536614561726
79818,Food,299,Japan,Germany,road,13646.0,3,60,66,13998.71,13.49,yes,9,no,summer,97.5,1.0258471346914846,0.1,7.707742471725282,16.926536614561726
73422,Machinery,484,Brazil,India,sea,793.0,4,37,44,0.0,5.46,no,0,no,summer,91.6,0.0,0.1,9.684272777070142,8.823788990938434
51203,Clothing,419,Japan,UK,sea,9321.0,3,60,66,0.0,27.29,no,0,no,winter,99.6,0.0,0.1,4.093487015037125,8.823788990938434
56840,Machinery,238,Germany,China,sea,13437.0,5,60,68,0.0,31.39,no,0,no,summer,95.0,0.0,0.1,4.022187465367533,8.823788990938434
51699,Electronics,656,UK,Germany,sea,12640.0,1,60,65,0.0,28.66,no,0,no,summer,93.0,0.0,0.1,8.217842917084319,8.823788990938434
18735,Electronics,113,Germany,India,air,14871.0,6,30,38,86237.02,7.89,yes,6,no,winter,96.1,5.799006119292583,0.1,11.800167502361164,8.817670958148845
48253,Food,578,India,UK,road,13539.0,4,60,65,13198.63,16.54,no,0,no,autumn,92.5,0.9748600339759214,0.1,7.808327130546513,16.926536614561726
42644,Clothing,41,France,India,sea,1084.0,6,53,60,0.0,18.02,no,0,no,winter,91.4,0.0,0.1,9.854947295117993,8.823788990938434
58747,Pharma,860,USA,USA,rail,3056.0,1,51,53,2579.78,7.32,no,0,no,summer,91.6,0.8441688481675393,0.1,9.640876835937103,15.19981997143669
29415,Clothing,265,UK,India,sea,14314.0,1,60,63,0.0,18.79,no,0,no,autumn,96.1,0.0,0.1,8.88071056772531,8.823788990938434
76542,Food,843,China,India,sea,1504.0,6,60,69,0.0,18.04,no,0,no,autumn,97.9,0.0,0.1,10.998128255247666,8.823788990938434
83540,Food,236,China,Germany,sea,12258.0,5,60,69,0.0,19.29,no,0,no,autumn,93.7,0.0,0.1,9.418037463155386,8.823788990938434
22893,Pharma,358,China,China,sea,9993.0,3,60,67,0.0,8.21,no,0,no,winter,96.3,0.0,0.1,10.44827352347815,8.823788990938434
97672,Pharma,313,France,Germany,sea,7520.0,4,60,66,0.0,32.91,no,0,no,winter,100.0,0.0,0.1,5.023196523462122,8.823788990938434
61258,Electronics,732,Japan,Germany,rail,1944.0,5,32,39,1572.16,15.96,no,0,no,winter,90.9,0.808724279835391,0.1,7.315521169329228,15.19981997143669
12529,Machinery,962,Japan,India,road,2229.0,4,28,35,2530.32,10.75,no,0,no,autumn,94.0,1.1351816958277254,0.1,5.622476840049402,16.926536614561726
28487,Pharma,520,Japan,India,sea,9769.0,3,60,66,0.0,29.57,no,0,no,spring,98.9,0.0,0.1,4.360511814397244,8.823788990938434
39925,Food,838,India,UK,sea,4165.0,2,60,64,0.0,11.49,no,0,no,summer,91.7,0.0,0.1,9.260481192422585,8.823788990938434
53675,Pharma,679,Japan,Germany,sea,1816.0,5,60,67,0.0,26.84,no,0,yes,winter,83.7,0.0,0.1,8.572238850494529,8.823788990938434
84112,Pharma,138,USA,China,sea,4550.0,3,60,65,0.0,9.83,no,0,no,winter,93.2,0.0,0.1,5.85104049398461,8.823788990938434
57356,Electronics,794,Brazil,China,road,4824.0,3,59,65,4792.98,26.98,no,0,no,summer,90.4,0.9935696517412934,0.1,5.579465818553402,16.926536614561726
38115,Food,767,France,Germany,road,3699.0,5,45,52,3090.35,19.7,no,0,no,winter,92.4,0.835455528521222,0.1,8.490029930299166,16.926536614561726
4685,Clothing,366,UK,Japan,sea,11362.0,3,60,67,0.0,21.75,yes,6,no,summer,96.9,0.0,0.1,10.560817638401277,8.823788990938434
43583,Pharma,942,India,France,rail,10539.0,3,60,64,11671.02,12.41,no,0,no,spring,95.7,1.1074124679760888,0.1,6.838862370544678,15.19981997143669
94481,Pharma,421,Brazil,France,sea,5384.0,4,60,68,0.0,29.94,no,0,no,summer,99.5,0.0,0.1,8.664175462959943,8.823788990938434
90425,Clothing,741,Germany,China,air,5061.0,4,9,16,27449.61,3.46,no,0,no,autumn,92.7,5.423752222880854,0.1,9.789939618871951,8.817670958148845
11127,Pharma,401,France,Brazil,air,6154.0,4,11,19,36016.13,5.42,no,0,no,summer,92.5,5.852474813129671,0.1,9.739831889078156,8.817670958148845
1197,Clothing,376,UK,China,sea,3453.0,3,60,66,0.0,29.77,no,0,no,winter,95.7,0.0,0.1,5.734356897139849,8.823788990938434
13695,Machinery,868,Brazil,UK,air,3711.0,2,7,13,19269.32,3.28,no,0,no,summer,90.2,5.1924872002155755,0.1,6.196964649561634,8.817670958148845
50601,Electronics,87,China,Brazil,sea,14254.0,4,60,65,0.0,12.15,yes,6,no,summer,95.3,0.0,0.1,9.391538836074442,8.823788990938434
94029,Pharma,626,USA,France,sea,7548.0,10,60,71,0.0,14.41,yes,10,no,summer,98.2,0.0,0.1,6.915676854242528,8.823788990938434
5331,Electronics,728,India,Germany,air,6916.0,3,13,18,41023.82,6.26,no,0,no,summer,94.4,5.931726431463273,0.1,8.604107453479664,8.817670958148845
95028,Food,116,USA,China,sea,1095.0,3,54,59,0.0,15.76,yes,2,no,summer,91.7,0.0,0.1,8.598969761106023,8.823788990938434
55991,Clothing,390,France,India,air,5696.0,9,11,21,33520.76,3.79,no,0,no,spring,96.5,5.88496488764045,0.1,4.668700400564227,8.817670958148845
15751,Clothing,929,Germany,France,sea,6747.0,4,60,68,0.0,18.02,no,0,no,winter,92.8,0.0,0.1,7.3827858439886365,8.823788990938434
47594,Machinery,787,Brazil,China,road,6273.0,3,60,67,6409.98,17.7,no,0,no,autumn,91.0,1.0218364418938306,0.1,5.539682842144069,16.926536614561726
67454,Machinery,911,UK,Japan,road,2353.0,5,29,37,1995.42,12.32,yes,7,no,summer,91.7,0.8480322991925202,0.1,5.3108868648085235,16.926536614561726
48215,Electronics,937,France,Japan,sea,3511.0,2,60,66,0.0,16.55,no,0,no,spring,92.1,0.0,0.1,4.084811194137328,8.823788990938434
33635,Electronics,44,China,Brazil,road,11711.0,5,60,66,12096.2,12.08,no,0,yes,autumn,74.1,1.0328921526769703,0.1,8.461948607934097,16.926536614561726
60901,Clothing,607,China,Japan,air,9147.0,3,17,21,38760.57,9.05,no,0,no,spring,96.1,4.2375172187602494,0.1,11.437966233970428,8.817670958148845
86921,Food,280,France,India,sea,3730.0,5,60,67,0.0,8.21,yes,9,no,autumn,97.9,0.0,0.1,6.5591626506438345,8.823788990938434
36722,Clothing,500,Japan,Japan,road,11325.0,3,60,64,10010.06,30.12,no,0,no,winter,96.7,0.8838905077262693,0.1,7.563135336019465,16.926536614561726
1863,Clothing,29,China,UK,road,9831.0,3,60,67,11132.67,8.24,no,0,no,summer,98.4,1.1324046383887703,0.1,8.553130418653321,16.926536614561726
55956,Clothing,115,France,Germany,rail,10766.0,6,60,68,9366.76,30.53,no,0,no,winter,94.7,0.8700315809028423,0.1,11.969362726532246,15.19981997143669
48467,Pharma,271,Brazil,Japan,rail,10717.0,3,60,64,11159.18,21.17,no,0,yes,spring,64.6,1.0412596808808436,0.1,5.38199979430972,15.19981997143669
92594,Electronics,381,UK,Japan,sea,4667.0,6,60,68,0.0,28.31,yes,3,no,autumn,91.0,0.0,0.1,4.55632152909272,8.823788990938434
37754,Electronics,165,USA,Japan,rail,12774.0,3,60,66,15271.19,30.76,no,0,no,autumn,98.3,1.1954900579301706,0.1,4.458985075968597,15.19981997143669
14407,Clothing,872,UK,China,sea,3702.0,3,60,64,0.0,30.18,no,0,no,summer,95.8,0.0,0.1,4.4981542155002785,8.823788990938434
34994,Machinery,52,China,Germany,sea,3363.0,5,60,66,0.0,21.81,no,0,no,winter,92.3,0.0,0.1,10.5252380641901,8.823788990938434
30358,Food,897,UK,China,sea,12839.0,6,60,68,0.0,14.01,no,0,no,autumn,92.5,0.0,0.1,5.834236739866742,8.823788990938434
50924,Clothing,809,China,USA,road,7181.0,4,60,67,7054.2,8.21,no,0,no,winter,95.3,0.9823422921598662,0.1,9.350092991013263,16.926536614561726
15515,Pharma,932,UK,Germany,sea,4296.0,3,60,64,0.0,29.07,no,0,no,summer,98.9,0.0,0.1,9.21575157650576,8.823788990938434
85485,Machinery,745,Brazil,Brazil,sea,334.0,3,15,19,0.0,4.89,no,0,no,summer,98.8,0.0,0.1,5.32778638736855,8.823788990938434
38182,Pharma,216,UK,Japan,sea,13563.0,2,60,64,0.0,25.5,no,0,yes,summer,80.3,0.0,0.1,11.521404220248911,8.823788990938434
2183,Machinery,826,USA,USA,sea,9942.0,4,60,67,0.0,20.55,yes,11,no,summer,91.5,0.0,0.1,9.944391323217273,8.823788990938434
28239,Electronics,897,USA,France,air,4115.0,3,10,14,20132.42,4.39,no,0,no,summer,92.9,4.8924471445929525,0.1,10.86844888675881,8.817670958148845
47890,Machinery,965,Germany,Brazil,air,7453.0,7,13,22,40466.34,6.93,no,0,no,spring,98.2,5.429537099154702,0.1,6.495456782604795,8.817670958148845
83772,Food,446,Brazil,China,air,7965.0,5,14,22,37386.47,2.35,yes,3,no,winter,99.7,4.693844318895167,0.1,11.712809747448144,8.817670958148845
8519,Electronics,604,Germany,India,sea,3973.0,2,60,66,0.0,7.86,no,0,no,summer,96.7,0.0,0.1,10.338104534701037,8.823788990938434
19758,Food,467,India,China,road,6142.0,5,60,69,7200.26,33.49,no,0,no,spring,97.7,1.1722989254314555,0.1,11.703828607202365,16.926536614561726
86036,Clothing,265,China,France,sea,14919.0,4,60,65,0.0,29.75,no,0,no,winter,90.1,0.0,0.1,11.768549663362515,8.823788990938434
1577,Clothing,350,Germany,USA,road,14115.0,5,60,66,14753.3,23.81,no,0,no,summer,97.4,1.0452213956783563,0.1,7.907589684803072,16.926536614561726
46392,Electronics,190,France,Germany,rail,10054.0,4,60,68,10955.23,25.3,no,0,no,spring,91.5,1.0896389496717724,0.1,4.081792114096945,15.19981997143669
30453,Food,952,Brazil,India,road,14113.0,5,60,66,16250.18,11.97,no,0,no,spring,92.9,1.1514334301707645,0.1,10.211769583400706,16.926536614561726
36586,Electronics,167,France,Germany,sea,14511.0,5,60,67,0.0,11.25,no,0,no,spring,96.9,0.0,0.1,11.273422906523987,8.823788990938434
40148,Pharma,39,Japan,India,sea,12594.0,3,60,65,0.0,31.22,no,0,no,spring,93.2,0.0,0.1,4.1117663179974,8.823788990938434
8170,Machinery,270,USA,China,sea,8374.0,7,60,68,0.0,22.25,no,0,no,summer,90.8,0.0,0.1,7.0477620028291135,8.823788990938434
85242,Pharma,419,USA,Japan,sea,11348.0,7,60,71,0.0,33.57,no,0,no,spring,95.5,0.0,0.1,10.852430735796297,8.823788990938434
15288,Clothing,668,India,USA,sea,5977.0,4,60,65,0.0,20.61,no,0,no,winter,97.2,0.0,0.1,10.541061180857042,8.823788990938434
23862,Pharma,791,Brazil,Germany,sea,11279.0,5,60,67,0.0,11.43,no,0,no,winter,93.7,0.0,0.1,10.537869693443305,8.823788990938434
64477,Pharma,83,Germany,India,air,2709.0,3,7,12,12172.37,4.59,no,0,no,summer,92.0,4.493307493540052,0.1,10.714382174336105,8.817670958148845
87692,Food,228,India,India,rail,14657.0,6,60,70,17027.47,28.12,no,0,no,winter,94.8,1.1617295490209456,0.1,6.155981303133012,15.19981997143669
92371,Food,696,France,Japan,air,8689.0,4,18,25,47937.17,8.63,no,0,no,spring,94.2,5.516995051214178,0.1,4.478796292627505,8.817670958148845
68263,Pharma,888,UK,Japan,road,684.0,3,8,13,769.88,2.93,no,0,no,spring,97.8,1.1255555555555556,0.1,9.143777892801424,16.926536614561726
82700,Clothing,92,USA,India,sea,11341.0,3,60,64,0.0,14.05,no,0,no,autumn,95.4,0.0,0.1,10.788715937126762,8.823788990938434
31448,Food,327,Brazil,India,sea,1219.0,5,60,69,0.0,33.74,no,0,yes,autumn,51.6,0.0,0.1,10.731100934544184,8.823788990938434
4780,Food,843,Japan,India,sea,1083.0,6,54,63,0.0,29.79,no,0,no,winter,96.7,0.0,0.1,10.552168227610345,8.823788990938434
77056,Food,979,Brazil,France,sea,4812.0,3,60,67,0.0,23.71,no,0,no,autumn,98.2,0.0,0.1,4.78001078873711,8.823788990938434
91444,Electronics,127,Germany,Brazil,sea,7707.0,3,60,66,0.0,18.54,no,0,no,autumn,91.0,0.0,0.1,10.89130388629841,8.823788990938434
51450,Pharma,864,UK,Germany,air,6099.0,1,12,17,27240.03,3.28,no,0,no,autumn,94.9,4.46631087063453,0.1,10.289644732858978,8.817670958148845
92036,Electronics,864,USA,China,road,9991.0,1,60,65,8016.38,17.18,no,0,no,summer,98.5,0.8023601241117005,0.1,11.037181436632025,16.926536614561726
6651,Electronics,171,Germany,France,road,12956.0,4,60,66,10572.5,25.28,no,0,no,spring,92.0,0.8160311824637234,0.1,6.7314913674462575,16.926536614561726
72764,Pharma,881,India,China,sea,3312.0,2,60,64,0.0,10.31,no,0,no,autumn,95.2,0.0,0.1,5.7069200307841905,8.823788990938434
9764,Pharma,404,India,China,sea,671.0,3,30,34,0.0,15.9,no,0,yes,winter,70.7,0.0,0.1,8.804665353349176,8.823788990938434
86313,Machinery,702,Germany,Germany,road,13835.0,5,60,68,13700.64,17.5,no,0,no,summer,93.9,0.9902883989880736,0.1,10.143869430789067,16.926536614561726
21599,Clothing,540,Brazil,India,road,573.0,7,8,16,530.83,2.71,no,0,no,autumn,93.8,0.9264048865619547,0.1,10.875905489036715,16.926536614561726
42159,Machinery,451,USA,China,air,12541.0,3,27,34,60652.48,7.57,no,0,no,summer,91.4,4.836335220476836,0.1,8.317056032914596,8.817670958148845
15393,Clothing,92,India,USA,sea,3510.0,4,60,68,0.0,16.06,no,0,no,spring,96.1,0.0,0.1,6.758530339071156,8.823788990938434
66782,Pharma,489,India,Brazil,sea,12733.0,2,60,64,0.0,21.55,no,0,no,autumn,95.2,0.0,0.1,6.859072809953066,8.823788990938434
74253,Pharma,758,China,UK,sea,8237.0,3,60,66,0.0,7.01,no,0,no,winter,97.0,0.0,0.1,5.38863246467755,8.823788990938434
1092,Food,161,Germany,China,road,6142.0,3,60,64,6265.74,15.07,no,0,no,autumn,90.5,1.0201465320742429,0.1,6.740382530459867,16.926536614561726
20597,Food,91,Germany,Japan,sea,8907.0,7,60,70,0.0,7.4,no,0,no,winter,93.8,0.0,0.1,11.600970804529306,8.823788990938434
17455,Clothing,635,USA,Germany,rail,14465.0,3,60,65,16862.05,24.7,no,0,no,winter,93.8,1.1657137919115106,0.1,10.320002788225718,15.19981997143669
98352,Food,857,India,Germany,air,5320.0,3,9,13,23170.12,3.97,yes,12,no,winter,94.4,4.355285714285714,0.1,8.246920287963722,8.817670958148845
4976,Machinery,210,France,Japan,air,8681.0,5,17,23,41345.57,7.95,no,0,no,summer,91.2,4.762765810390508,0.1,11.015279685343366,8.817670958148845
9923,Food,251,India,UK,sea,7297.0,5,60,66,0.0,24.81,no,0,no,autumn,99.9,0.0,0.1,8.239533733487182,8.823788990938434
41205,Electronics,270,Japan,USA,rail,12747.0,3,60,66,14713.52,8.2,no,0,no,spring,94.5,1.1542731623127012,0.1,10.651166677835601,15.19981997143669
63979,Electronics,496,UK,France,rail,747.0,2,12,18,894.04,3.47,no,0,no,autumn,96.7,1.1968406961178044,0.1,11.08113376441721,15.19981997143669
14965,Pharma,710,USA,India,road,8152.0,3,60,65,6782.27,20.44,yes,14,no,winter,99.7,0.8319762021589795,0.1,9.14630554394596,16.926536614561726
18593,Machinery,712,Germany,Japan,sea,11932.0,4,60,68,0.0,13.81,no,0,no,winter,92.8,0.0,0.1,4.765101479074938,8.823788990938434
77616,Food,491,France,Japan,road,1560.0,2,21,27,1454.51,6.71,no,0,no,autumn,98.6,0.9323782051282051,0.1,6.852354773472095,16.926536614561726
59951,Clothing,833,France,UK,road,8690.0,4,60,68,9738.4,24.75,no,0,no,spring,96.7,1.1206444188722668,0.1,10.40887798848225,16.926536614561726
37027,Clothing,701,USA,India,road,9817.0,4,60,66,9774.26,16.86,yes,9,no,winter,95.8,0.9956463277987165,0.1,8.596669356619195,16.926536614561726
62880,Electronics,987,USA,UK,road,814.0,2,11,15,936.25,4.95,no,0,no,spring,95.1,1.1501842751842752,0.1,10.46476846841217,16.926536614561726
67293,Machinery,421,Brazil,China,sea,11025.0,4,60,67,0.0,27.82,no,0,no,summer,98.0,0.0,0.1,10.823489504509906,8.823788990938434
39983,Machinery,586,USA,Germany,rail,14434.0,3,60,67,15747.31,25.91,no,0,no,spring,91.6,1.090987252320909,0.1,4.684140551853634,15.19981997143669
54447,Food,215,France,India,road,8622.0,6,60,68,8048.13,8.01,no,0,no,winter,95.4,0.9334411969380654,0.1,7.88273498334408,16.926536614561726
78747,Electronics,394,France,Brazil,sea,10579.0,6,60,69,0.0,20.69,no,0,no,autumn,99.4,0.0,0.1,4.4857313546469575,8.823788990938434
48476,Food,906,Japan,Brazil,sea,10070.0,3,60,66,0.0,23.72,no,0,no,winter,99.4,0.0,0.1,5.263132827755123,8.823788990938434
54410,Electronics,469,China,India,air,6848.0,4,14,22,37610.78,2.47,no,0,no,winter,92.3,5.492228387850467,0.1,6.2307178513308,8.817670958148845
58904,Pharma,178,USA,Brazil,road,2549.0,5,32,41,2714.53,6.88,no,0,no,spring,99.4,1.0649391918399373,0.1,6.83548425542941,16.926536614561726
50805,Clothing,29,India,UK,sea,938.0,4,48,56,0.0,16.67,no,0,no,autumn,94.6,0.0,0.1,8.562991741806847,8.823788990938434
14305,Machinery,874,China,China,sea,8343.0,6,60,70,,20.74,no,0,no,autumn,94.6,0.0,0.1,8.574203334640773,8.823788990938434
53624,Food,283,China,India,sea,5716.0,2,60,63,0.0,20.11,no,0,no,spring,91.6,0.0,0.1,7.421925087903746,8.823788990938434
37638,Pharma,802,India,Brazil,road,3169.0,5,40,46,2917.41,7.74,no,0,no,summer,99.5,0.9206090249289997,0.1,6.707596977966813,16.926536614561726
38658,Electronics,658,Germany,Japan,road,11883.0,5,60,68,12195.09,27.52,no,0,no,autumn,93.2,1.0262635698056046,0.1,8.993146584303936,16.926536614561726
60256,Pharma,518,UK,UK,rail,2558.0,7,44,54,2341.55,8.15,yes,7,no,winter,96.2,0.9153831118060985,0.1,11.308492498461316,15.19981997143669
2531,Clothing,272,Japan,USA,sea,7503.0,3,60,65,0.0,11.5,no,0,no,winter,95.7,0.0,0.1,5.665081817121574,8.823788990938434
21256,Clothing,594,Germany,China,air,12225.0,5,23,32,65589.18,5.78,no,0,no,summer,95.8,5.365168098159509,0.1,7.124022013627108,8.817670958148845
88493,Electronics,729,Brazil,USA,rail,11255.0,3,60,67,11778.31,31.73,yes,4,no,spring,96.0,1.0464957796534873,0.1,4.144688279097746,15.19981997143669
47721,Clothing,158,Brazil,USA,sea,5271.0,4,60,67,0.0,20.78,no,0,no,summer,91.3,0.0,0.1,10.510105126424495,8.823788990938434
51763,Pharma,912,France,France,road,7645.0,4,60,65,8209.89,10.89,no,0,no,autumn,,1.073890124264225,0.1,9.541486767398773,16.926536614561726
54409,Food,119,UK,Germany,road,8935.0,5,60,68,9579.9,8.65,no,0,no,summer,90.2,1.07217683268047,0.1,10.640150281969694,16.926536614561726
54133,Machinery,67,UK,Brazil,air,10309.0,4,20,26,49119.23,9.32,no,0,no,winter,92.8,4.764693956736832,0.1,11.541447951147669,8.817670958148845
25160,Electronics,305,India,India,air,14792.0,4,28,34,87863.64,9.45,no,0,yes,winter,77.9,5.939943212547323,0.1,10.096271425899886,8.817670958148845
32675,Machinery,623,USA,UK,road,9657.0,3,60,65,10559.77,7.93,no,0,no,summer,97.9,1.0934834834834835,0.1,4.92900263389144,16.926536614561726
61824,Electronics,46,Brazil,USA,sea,12360.0,3,60,64,0.0,27.59,no,0,no,spring,94.5,0.0,0.1,4.593769426028981,8.823788990938434
54691,Electronics,400,China,France,sea,7197.0,5,60,69,0.0,26.07,yes,11,no,summer,93.8,0.0,0.1,8.412869759312404,8.823788990938434
4196,Pharma,831,India,USA,air,1110.0,7,3,12,5220.75,5.25,no,0,no,winter,92.5,4.703378378378378,0.1,11.117654537226283,8.817670958148845
52526,Pharma,269,Brazil,China,sea,12154.0,4,60,65,0.0,12.19,no,0,no,autumn,96.5,0.0,0.1,10.561302062697486,8.823788990938434
15845,Food,829,Germany,USA,sea,11989.0,5,60,67,0.0,17.79,no,0,no,winter,95.5,0.0,0.1,6.830842415899168,8.823788990938434
12054,Electronics,299,India,USA,sea,4556.0,2,60,63,0.0,9.03,no,0,no,spring,97.0,0.0,0.1,10.630911624231718,8.823788990938434
36910,Machinery,749,France,China,sea,4470.0,3,60,67,0.0,30.27,no,0,no,summer,92.1,0.0,0.1,8.07380885599816,8.823788990938434
13133,Electronics,734,UK,Brazil,rail,1245.0,2,20,23,1122.63,3.03,no,0,no,summer,95.3,0.901710843373494,0.1,4.053286494819264,15.19981997143669
8933,Electronics,678,Japan,Germany,air,13397.0,6,26,35,68367.13,10.05,no,0,no,spring,95.4,5.103167126968724,0.1,6.799218158948838,8.817670958148845
68535,Electronics,629,Japan,Japan,air,4333.0,6,9,16,18443.47,3.47,no,0,no,summer,99.9,4.2565128086775905,0.1,10.099553831874772,8.817670958148845
70099,Food,968,Germany,UK,sea,231.0,4,12,19,0.0,5.22,no,0,no,spring,99.2,0.0,0.1,5.094660706871511,8.823788990938434
12326,Food,196,China,Japan,sea,6195.0,4,60,67,0.0,7.51,no,0,yes,summer,57.9,0.0,0.1,5.96493036225264,8.823788990938434
10430,Machinery,720,Germany,USA,rail,162.0,3,2,8,146.36,3.65,no,0,no,autumn,96.8,0.9034567901234569,0.1,9.764639709702521,15.19981997143669
22820,Electronics,573,UK,USA,sea,7464.0,5,60,69,0.0,17.86,no,0,no,autumn,92.0,0.0,0.1,10.94123647325278,8.823788990938434
38951,Machinery,646,UK,China,sea,10519.0,3,60,64,0.0,27.73,no,0,no,summer,97.2,0.0,0.1,5.918823203961507,8.823788990938434
43546,Clothing,91,France,India,road,12425.0,4,60,68,11301.79,33.94,yes,13,no,winter,90.7,0.9096008048289739,0.1,10.80302352990476,16.926536614561726
17371,Clothing,794,Japan,Germany,air,1382.0,3,2,6,6966.86,2.51,no,0,no,spring,98.9,5.041143270622286,0.1,11.814627189940673,8.817670958148845
19804,Pharma,364,China,France,rail,10099.0,5,60,67,9848.44,20.57,no,0,no,spring,96.5,0.9751896227349243,0.1,7.67826660496545,15.19981997143669
61238,Food,718,Germany,Japan,sea,5290.0,2,60,63,0.0,8.48,no,0,no,spring,90.1,0.0,0.1,4.848530837221403,8.823788990938434
17948,Pharma,549,Japan,China,rail,14666.0,5,60,68,15632.72,21.69,no,0,no,autumn,97.0,1.0659157234419745,0.1,7.68456075578917,15.19981997143669
13656,Clothing,29,France,UK,air,9374.0,5,18,24,46307.48,4.42,yes,10,no,spring,96.6,4.939991465756347,0.1,5.003477524387031,8.817670958148845
10593,Food,316,USA,Brazil,sea,9338.0,5,60,69,0.0,21.6,no,0,no,autumn,91.2,0.0,0.1,10.835117232692856,8.823788990938434
29268,Food,493,India,Germany,road,14705.0,2,60,66,13907.64,30.41,no,0,no,summer,99.2,0.9457762665759946,0.1,8.571058386270373,16.926536614561726
65394,Clothing,863,Germany,Germany,sea,10384.0,5,60,68,0.0,25.91,no,0,no,spring,91.7,0.0,0.1,11.068576587005907,8.823788990938434
25871,Pharma,280,France,Brazil,sea,7990.0,2,60,65,0.0,14.26,yes,7,no,winter,93.8,0.0,0.1,11.337048223463757,8.823788990938434
15404,Clothing,389,UK,USA,rail,13592.0,2,60,65,11056.93,20.41,no,0,no,summer,96.6,0.8134880812242495,0.1,9.628656226364706,15.19981997143669
96450,Clothing,273,China,France,sea,10912.0,8,60,69,0.0,8.32,no,0,no,autumn,93.8,0.0,0.1,10.108692005874675,8.823788990938434
96854,Machinery,445,India,UK,air,4831.0,3,9,13,24360.57,4.21,no,0,no,spring,98.9,5.042552266611468,0.1,5.785286856403351,8.817670958148845
29041,Machinery,496,Brazil,France,road,11498.0,3,60,65,12760.01,25.63,no,0,no,summer,,1.109759088537137,0.1,6.854474457396267,16.926536614561726
20292,Pharma,667,France,India,sea,6359.0,3,60,64,0.0,24.09,no,0,no,autumn,99.0,0.0,0.1,6.626447527233167,8.823788990938434
1880,Pharma,678,Germany,India,road,6150.0,4,60,68,5708.2,18.51,yes,8,no,winter,96.9,0.9281626016260163,0.1,10.700964431679447,16.926536614561726
29189,Food,996,France,China,sea,5118.0,7,60,71,0.0,27.11,yes,8,no,autumn,92.8,0.0,0.1,8.791547707307005,8.823788990938434
57676,Food,534,UK,Brazil,rail,9586.0,3,60,64,10602.89,13.85,no,0,no,summer,97.3,1.1060807427498434,0.1,7.472412576081947,15.19981997143669
61627,Machinery,372,India,Japan,sea,12737.0,5,60,67,0.0,31.71,no,0,no,spring,91.6,0.0,0.1,9.71003865021129,8.823788990938434
83963,Pharma,969,France,UK,air,2496.0,4,4,9,10850.41,1.28,no,0,no,autumn,96.5,4.347119391025641,0.1,4.009420089074324,8.817670958148845
58323,Electronics,602,China,USA,road,7318.0,8,60,72,7035.63,11.04,no,0,no,summer,97.7,0.961414320852692,0.1,7.708069375471236,16.926536614561726
89800,Electronics,271,China,India,sea,2550.0,2,60,64,0.0,13.38,yes,1,no,winter,90.4,0.0,0.1,5.879125564816863,8.823788990938434
32057,Machinery,128,Japan,Germany,air,3934.0,3,8,15,19676.28,2.01,no,0,no,autumn,90.7,5.001596339603457,0.1,7.293690116876008,8.817670958148845
52661,Machinery,83,France,Germany,rail,5778.0,3,60,64,5731.67,29.15,yes,3,no,spring,90.9,0.991981654551748,0.1,6.000786605014102,15.19981997143669
72885,Clothing,245,UK,France,road,3074.0,3,38,43,3681.32,7.95,no,0,no,spring,90.9,1.1975666883539362,0.1,8.851279591138242,16.926536614561726
96478,Clothing,27,Germany,China,rail,14751.0,2,60,65,13473.0,19.29,no,0,no,autumn,92.7,0.9133618059792556,0.1,8.464844192211354,15.19981997143669
91000,Electronics,467,UK,Japan,road,10277.0,5,60,67,10024.24,12.92,yes,12,no,autumn,99.2,0.9754052739126204,0.1,7.398809140588956,16.926536614561726
54357,Machinery,294,Germany,India,road,4947.0,3,60,67,4299.35,7.15,no,0,no,spring,97.7,0.8690822720840914,0.1,4.671343752442907,16.926536614561726
26622,Machinery,404,India,India,rail,12667.0,2,60,64,10758.48,22.35,no,0,no,winter,98.6,0.8493313333859634,0.1,8.475340983998823,15.19981997143669
48463,Electronics,650,Brazil,Germany,road,4859.0,3,60,65,5466.0,8.93,no,0,no,spring,94.7,1.1249228236262605,0.1,9.356851491023328,16.926536614561726
74759,Pharma,528,Brazil,UK,sea,9084.0,3,60,67,0.0,32.76,no,0,no,winter,94.5,0.0,0.1,8.537883396771257,8.823788990938434
37428,Electronics,682,Germany,India,sea,11687.0,3,60,67,0.0,26.43,no,0,no,winter,94.6,0.0,0.1,10.27649565770961,8.823788990938434
92358,Clothing,410,India,Germany,sea,13247.0,4,60,65,0.0,27.62,no,0,no,winter,99.9,0.0,0.1,11.455727530979402,8.823788990938434
47556,Electronics,536,Japan,Germany,road,14008.0,3,60,65,15249.15,8.38,no,0,no,summer,90.5,1.0886029411764706,0.1,4.078900220011127,16.926536614561726
83515,Food,466,France,Brazil,air,5759.0,3,12,19,28898.56,5.51,no,0,no,autumn,98.8,5.01798228859177,0.1,4.7871795191482915,8.817670958148845
50506,Pharma,742,China,India,sea,376.0,3,19,26,0.0,7.07,no,0,no,spring,92.1,0.0,0.1,7.034719891712528,8.823788990938434
7539,Electronics,577,Germany,Germany,sea,868.0,2,44,47,0.0,14.58,yes,1,no,autumn,92.1,0.0,0.1,9.940325130875134,8.823788990938434
57016,Machinery,92,India,Japan,sea,12249.0,4,60,66,0.0,22.91,no,0,no,summer,90.1,0.0,0.1,8.601075763730476,8.823788990938434
68522,Machinery,626,USA,India,air,5222.0,4,12,18,26926.02,7.62,no,0,no,summer,90.2,5.156265798544619,0.1,11.456174124744361,8.817670958148845
47315,Clothing,170,China,Brazil,road,11399.0,3,60,64,11754.88,24.8,no,0,no,autumn,95.9,1.0312202824809193,0.1,4.735024560579796,16.926536614561726
32006,Machinery,543,India,USA,sea,4196.0,4,60,66,0.0,28.69,no,0,no,spring,92.8,0.0,0.1,8.950369654831215,8.823788990938434
48684,Pharma,561,USA,Germany,sea,14337.0,5,60,69,0.0,14.05,no,0,no,spring,92.6,0.0,0.1,10.363891595638371,8.823788990938434
28741,Food,288,Germany,UK,sea,14473.0,3,60,65,0.0,8.19,no,0,no,autumn,95.0,0.0,0.1,8.370003615179975,8.823788990938434
74458,Clothing,465,Brazil,USA,sea,7724.0,4,60,66,0.0,27.07,no,0,no,autumn,95.9,0.0,0.1,5.901804640857103,8.823788990938434
98127,Pharma,517,Germany,China,sea,7357.0,5,60,66,0.0,29.25,no,0,no,spring,94.5,0.0,0.1,10.87125564927723,8.823788990938434
59648,Pharma,564,China,Brazil,sea,5503.0,7,60,68,0.0,29.61,no,0,no,spring,99.9,0.0,0.1,5.374183100153394,8.823788990938434
34715,Electronics,351,USA,Germany,air,12790.0,4,24,29,72621.31,6.98,no,0,no,winter,91.2,5.677975762314308,0.1,11.501090687522527,8.817670958148845
76438,Machinery,356,France,Japan,rail,12280.0,9,60,71,12614.76,32.76,yes,8,no,summer,97.3,1.0272605863192183,0.1,9.965872145539223,15.19981997143669
94548,Clothing,902,France,France,rail,719.0,9,11,23,624.88,4.06,no,0,no,summer,93.1,0.869095966620306,0.1,11.508050079043969,15.19981997143669
99003,Electronics,945,Brazil,China,rail,6263.0,3,60,67,7211.68,11.14,no,0,no,summer,96.5,1.1514737346319655,0.1,5.018792069803021,15.19981997143669
46634,Machinery,499,France,Brazil,rail,8409.0,7,60,70,8341.71,20.23,no,0,no,autumn,91.0,0.9919978594363181,0.1,8.982656422621268,15.19981997143669
84956,Pharma,256,Japan,UK,sea,3363.0,3,60,67,0.0,23.22,no,0,no,summer,94.1,0.0,0.1,10.807409353992938,8.823788990938434
74834,Machinery,916,USA,France,sea,532.0,2,25,30,0.0,12.66,no,0,no,summer,96.5,0.0,0.1,6.595093151023554,8.823788990938434
90899,Pharma,912,UK,Japan,sea,8103.0,5,60,66,0.0,30.12,yes,13,no,summer,98.2,0.0,0.1,9.358819667647428,8.823788990938434
52378,Food,483,Brazil,India,sea,10925.0,3,60,64,0.0,24.16,no,0,no,winter,95.4,0.0,0.1,7.559504153155722,8.823788990938434
93243,Electronics,998,Germany,France,sea,1930.0,2,60,64,0.0,29.31,no,0,no,summer,92.9,0.0,0.1,7.963471092794427,8.823788990938434
47100,Electronics,256,UK,France,sea,12764.0,4,60,67,0.0,15.04,yes,6,yes,autumn,75.0,0.0,0.1,11.058310698241518,8.823788990938434
38754,Pharma,702,India,India,sea,11334.0,3,60,66,0.0,19.88,no,0,no,winter,97.9,0.0,0.1,11.141696170744716,8.823788990938434
5223,Electronics,562,China,UK,air,6819.0,3,13,20,30215.68,6.59,no,0,no,autumn,96.0,4.4311013345065255,0.1,10.615630061905971,8.817670958148845
94199,Pharma,199,India,China,road,4930.0,3,60,64,,9.32,yes,13,no,summer,96.4,1.135839756592292,0.1,10.037512087311772,16.926536614561726
5712,Electronics,819,Japan,UK,sea,1555.0,1,60,65,0.0,29.5,no,0,no,winter,90.4,0.0,0.1,7.634495856360489,8.823788990938434
50652,Pharma,766,Japan,Germany,air,8558.0,4,17,24,37823.43,5.1,no,0,no,summer,97.6,4.419657630287451,0.1,4.6160569038729475,8.817670958148845
76659,Electronics,953,USA,UK,sea,6163.0,4,60,65,0.0,15.31,no,0,no,winter,95.3,0.0,0.1,10.260641913220514,8.823788990938434
11584,Pharma,303,India,France,sea,14290.0,5,60,69,0.0,16.57,no,0,no,spring,92.0,0.0,0.1,6.395628980022519,8.823788990938434
97266,Machinery,897,China,Germany,road,6096.0,1,60,63,6379.13,22.95,no,0,no,autumn,95.0,1.0464452099737533,0.1,6.445723294144107,16.926536614561726
95009,Machinery,861,Germany,UK,road,4244.0,3,54,61,4383.64,27.67,no,0,no,spring,97.1,1.0329029217719135,0.1,10.598488697941717,16.926536614561726
986,Food,571,India,Japan,road,10298.0,9,60,72,11925.71,28.02,no,0,no,autumn,99.0,1.1580607885026217,0.1,4.786715857699295,16.926536614561726
59150,Machinery,660,UK,India,road,6048.0,3,60,66,5091.33,12.62,no,0,no,spring,96.0,0.8418204365079365,0.1,8.932113335165043,16.926536614561726
35929,Food,454,UK,Japan,road,2274.0,5,29,38,2658.87,13.92,no,0,no,winter,92.6,1.1692480211081793,0.1,9.23556345669561,16.926536614561726
5620,Clothing,502,France,Germany,road,1143.0,8,15,24,986.18,4.39,yes,6,no,summer,96.2,0.8627996500437445,0.1,7.3547835280937965,16.926536614561726
18913,Food,740,France,China,sea,10356.0,2,60,64,0.0,25.2,no,0,no,spring,98.1,0.0,0.1,9.886368779918469,8.823788990938434
12299,Electronics,638,Germany,Japan,road,9412.0,5,60,67,9226.98,30.7,no,0,no,autumn,92.8,0.9803421164470888,0.1,5.673149098439573,16.926536614561726
58509,Food,183,Germany,USA,rail,10369.0,4,60,67,8633.56,33.45,no,0,no,spring,96.1,0.8326318834988908,0.1,10.875721933417399,15.19981997143669
23608,Clothing,398,Germany,Germany,road,10949.0,8,60,72,12021.69,7.51,yes,5,no,winter,99.6,1.0979715042469633,0.1,6.658783739485634,16.926536614561726
10927,Clothing,385,China,Germany,road,13527.0,4,60,68,,12.37,no,0,yes,winter,68.4,0.8584822946699194,0.1,4.487652379261425,16.926536614561726
68093,Food,484,India,UK,rail,3516.0,4,58,66,3188.13,21.79,no,0,no,spring,97.4,0.9067491467576793,0.1,10.02322961052215,15.19981997143669
23196,Pharma,500,France,China,sea,14573.0,4,60,67,0.0,10.25,no,0,no,autumn,94.8,0.0,0.1,8.091267237373218,8.823788990938434
64640,Pharma,3,Germany,France,rail,267.0,1,4,7,302.57,3.09,no,0,no,winter,93.2,1.1332209737827714,0.1,10.951800819971037,15.19981997143669
54710,Food,235,Brazil,Brazil,rail,9706.0,4,60,67,9530.73,33.25,no,0,no,autumn,98.4,0.9819420976715433,0.1,6.155295521608827,15.19981997143669
95129,Machinery,761,China,Japan,road,8067.0,3,60,65,7515.68,21.21,no,0,no,summer,97.4,0.9316573695301847,0.1,10.343108187354186,16.926536614561726
75085,Clothing,144,UK,France,sea,14935.0,1,60,65,0.0,8.29,yes,6,no,summer,94.0,0.0,0.1,7.040272928994413,8.823788990938434
42777,Food,377,India,Brazil,road,5593.0,2,60,64,6451.34,8.99,no,0,no,spring,91.9,1.1534668335419274,0.1,5.969097004382659,16.926536614561726
69169,Clothing,286,Brazil,USA,road,4859.0,2,60,63,4935.39,25.99,no,0,no,autumn,94.3,1.0157213418398847,0.1,4.534200615875089,16.926536614561726
33990,Pharma,736,Japan,India,road,10085.0,3,60,64,10214.35,21.27,yes,10,no,winter,95.5,1.0128259791769956,0.1,6.964654049976278,16.926536614561726
93112,Machinery,908,Japan,Brazil,road,14705.0,1,60,63,13440.01,30.17,no,0,no,summer,98.7,0.9139755185311119,0.1,5.378208597408693,16.926536614561726
10964,Electronics,186,Brazil,Brazil,sea,3879.0,3,60,65,0.0,26.51,yes,8,no,autumn,92.8,0.0,0.1,8.359213416066265,8.823788990938434
49020,Machinery,474,USA,France,sea,11072.0,3,60,64,0.0,22.57,no,0,no,spring,99.0,0.0,0.1,11.444754571329511,8.823788990938434
70585,Machinery,770,China,India,sea,5117.0,4,60,65,0.0,26.23,no,0,no,autumn,92.8,0.0,0.1,8.95436693047903,8.823788990938434
10300,Pharma,214,UK,Germany,road,1814.0,1,22,27,1862.84,4.05,no,0,no,spring,96.7,1.0269239250275632,0.1,6.566293669527545,16.926536614561726
57344,Pharma,379,USA,France,sea,13940.0,3,60,65,0.0,14.18,no,0,no,winter,98.1,0.0,0.1,10.97910374571042,8.823788990938434
76300,Machinery,893,Brazil,China,road,2819.0,4,35,42,2944.68,8.67,no,0,no,winter,92.0,1.0445831855267824,0.1,5.773073805534525,16.926536614561726
78558,Food,346,China,Japan,sea,7699.0,3,60,65,0.0,10.9,no,0,no,winter,98.7,0.0,0.1,5.267009451168929,8.823788990938434
49873,Clothing,951,Brazil,Germany,road,12286.0,4,60,68,10384.52,22.18,no,0,no,winter,94.5,0.8452319713495036,0.1,7.859449182275686,16.926536614561726
23755,Pharma,4,USA,Brazil,sea,795.0,4,37,44,0.0,15.47,no,0,no,summer,92.2,0.0,0.1,5.865573353747898,8.823788990938434
17709,Food,116,France,India,sea,6608.0,4,60,66,0.0,27.79,no,0,no,winter,92.7,0.0,0.1,7.923534524177867,8.823788990938434
20777,Food,839,Germany,Japan,rail,6614.0,2,60,65,6878.47,28.61,no,0,no,autumn,90.7,1.039986392500756,0.1,11.925796502321658,15.19981997143669
23918,Electronics,298,India,Japan,road,12909.0,3,60,66,11515.74,22.19,no,0,no,autumn,95.0,0.8920706483848477,0.1,5.280876975679719,16.926536614561726
57505,Electronics,387,India,France,rail,10502.0,6,60,70,9287.61,9.99,no,0,no,autumn,96.4,0.8843658350790327,0.1,9.00368817289194,15.19981997143669
85689,Electronics,461,UK,France,road,11819.0,3,60,66,13487.32,16.44,no,0,no,winter,93.4,1.1411557661392673,0.1,8.850189951023165,16.926536614561726
34277,Electronics,610,Brazil,USA,air,519.0,4,1,8,2495.17,1.44,no,0,no,summer,97.1,4.807649325626205,0.1,11.879672047576102,8.817670958148845
2340,Machinery,874,China,Brazil,sea,12660.0,2,60,65,0.0,27.94,no,0,no,summer,96.4,0.0,0.1,5.020607282299484,8.823788990938434
54623,Food,183,France,India,sea,4142.0,5,60,68,0.0,11.97,no,0,no,winter,90.8,0.0,0.1,11.600472018040678,8.823788990938434
86703,Food,208,France,France,air,13418.0,4,27,35,59736.82,13.61,yes,4,no,spring,94.5,4.451991354896408,0.1,8.31922941104687,8.817670958148845
71317,Electronics,308,India,UK,road,9087.0,6,60,68,9782.99,12.02,no,0,no,autumn,92.9,1.0765918344888301,0.1,6.195552348651047,16.926536614561726
88929,Pharma,393,France,UK,rail,6629.0,1,60,65,5996.58,24.17,no,0,no,winter,90.3,0.9045979785789712,0.1,6.2603040237023935,15.19981997143669
46949,Food,20,India,China,sea,2519.0,4,60,66,0.0,10.76,no,0,no,summer,94.9,0.0,0.1,7.965747152338509,8.823788990938434
58472,Food,14,Germany,Japan,sea,8105.0,5,60,66,0.0,25.84,no,0,no,autumn,94.5,0.0,0.1,11.949975013867247,8.823788990938434
59277,Electronics,626,Japan,India,sea,10525.0,4,60,67,0.0,17.49,yes,7,no,winter,95.1,0.0,0.1,6.674836576544169,8.823788990938434
13859,Clothing,570,Japan,UK,sea,9036.0,4,60,65,0.0,11.88,yes,10,no,winter,99.7,0.0,0.1,4.61032652182942,8.823788990938434
74731,Machinery,477,UK,Brazil,sea,10124.0,5,60,66,0.0,9.42,yes,13,no,autumn,92.0,0.0,0.1,9.40453276187614,8.823788990938434
52299,Pharma,38,India,Japan,sea,3939.0,4,60,68,0.0,29.8,no,0,no,summer,97.8,0.0,0.1,11.042752677432102,8.823788990938434
55928,Machinery,301,Brazil,France,sea,14574.0,3,60,65,0.0,30.59,no,0,no,autumn,95.1,0.0,0.1,6.256345344826073,8.823788990938434
52003,Pharma,914,Japan,USA,rail,4205.0,5,60,68,4837.8,7.43,no,0,no,spring,95.1,1.150487514863258,0.1,11.821310370540953,15.19981997143669
981,Food,235,India,UK,sea,853.0,4,43,49,0.0,12.23,no,0,no,spring,94.4,0.0,0.1,10.031300959352151,8.823788990938434
35396,Food,578,China,USA,air,11983.0,6,24,33,71604.85,13.97,no,0,no,spring,96.1,5.975536176249688,0.1,4.481359199660246,8.817670958148845
58381,Pharma,569,Japan,France,sea,12667.0,4,60,67,0.0,26.8,no,0,no,autumn,93.4,0.0,0.1,10.105322037830453,8.823788990938434
44244,Machinery,374,Germany,Germany,sea,4812.0,4,60,68,0.0,9.34,no,0,no,winter,97.9,0.0,0.1,4.3220520337619375,8.823788990938434
8746,Food,490,China,China,air,941.0,6,3,10,3984.61,4.56,no,0,no,autumn,91.1,4.234442082890542,0.1,9.123496836644236,8.817670958148845
96759,Clothing,182,Germany,USA,sea,11204.0,2,60,63,0.0,13.55,yes,10,no,summer,,0.0,0.1,5.387506749356043,8.823788990938434
45068,Machinery,259,USA,India,road,540.0,1,8,10,493.57,4.37,no,0,no,summer,91.3,0.9140185185185185,0.1,5.3017852207481555,16.926536614561726
